source_index,proposition_id,house,type,number,year,title,old_severity,old_structural_type,old_assessments,issues,action,proposed
0,alrs:pl-77-2025,alrs,pl,77,2025,Ampliação de mecanismos de proteção a vítimas com medidas protetivas de urgência,4,structural,"[{""group"": ""mulheres"", ""impact_direction"": ""positive"", ""defending_vote"": ""sim"", ""confidence"": 0.95}]",NO_MATCH_TO_CURRENT_APPROVED_IMPACT_MATRIX,WITHHOLD_PENDING_EDITORIAL_REVIEW,
1,alrs:pl-134-2023,alrs,pl,134,2023,Selo Tolerância Zero com Assédio no comércio gaúcho,2,symbolic,"[{""group"": ""mulheres"", ""impact_direction"": ""positive"", ""defending_vote"": ""sim"", ""confidence"": 0.9}, {""group"": ""trabalhadores_informais"", ""impact_direction"": ""positive"", ""defending_vote"": ""sim"", ""confidence"": 0.85}]",JUDGMENT_MISMATCH_WITH_CORRECTED_MATRIX,KEEP_CORRECTED,"{""canonical_key"": ""alrs|pl|134|2023"", ""severity"": 2, ""structural_type"": ""symbolic"", ""assessments"": [{""group"": ""mulheres"", ""impact_direction"": ""positive"", ""defending_vote"": ""sim"", ""confidence"": 0.9}]}"
2,alrs:pl-165-2025,alrs,pl,165,2025,Sistema de inteligência preditiva de monitoramento de agressores reincidentes,4,structural,"[{""group"": ""mulheres"", ""impact_direction"": ""positive"", ""defending_vote"": ""sim"", ""confidence"": 0.95}]",WRONG_SEVERITY:4->3,KEEP_CORRECTED,"{""canonical_key"": ""alrs|pl|165|2025"", ""severity"": 3, ""structural_type"": ""structural"", ""assessments"": [{""group"": ""mulheres"", ""impact_direction"": ""positive"", ""defending_vote"": ""sim"", ""confidence"": 0.9}]}"
3,alrs:pl-361-2025,alrs,pl,361,2025,Reserva de 5% de vagas em contratos terceirizados para mulheres vítimas de violência,3,structural,"[{""group"": ""mulheres"", ""impact_direction"": ""positive"", ""defending_vote"": ""sim"", ""confidence"": 0.95}]",WRONG_SEVERITY:3->4,KEEP_CORRECTED,"{""canonical_key"": ""alrs|pl|361|2025"", ""severity"": 4, ""structural_type"": ""structural"", ""assessments"": [{""group"": ""mulheres"", ""impact_direction"": ""positive"", ""defending_vote"": ""sim"", ""confidence"": 0.99}]}"
4,alrs:pl-38-2026,alrs,pl,38,2026,"Reajuste de 5,4% no subsídio do magistério (texto original)",4,budgetary,"[{""group"": ""servidores_publicos"", ""impact_direction"": ""positive"", ""defending_vote"": ""sim"", ""confidence"": 0.9}]",INVALID_TAXONOMY_GROUP:servidores_publicos | NO_MATCH_TO_CURRENT_APPROVED_IMPACT_MATRIX,WITHHOLD_PENDING_EDITORIAL_REVIEW,
5,alrs:pec-305-2026,alrs,pec,305,2026,Data-base revisão anual do funcionalismo (admissibilidade CCJ),5,structural,"[{""group"": ""servidores_publicos"", ""impact_direction"": ""positive"", ""defending_vote"": ""sim"", ""confidence"": 0.95}]",INVALID_TAXONOMY_GROUP:servidores_publicos | NO_MATCH_TO_CURRENT_APPROVED_IMPACT_MATRIX,WITHHOLD_PENDING_EDITORIAL_REVIEW,
6,camara:plp-230-2025,camara,plp,230,2025,Inclusão digital e conectividade em escolas públicas e periferias (FUST),3,structural,"[{""group"": ""criancas_adolescentes_vulnerabilidade"", ""impact_direction"": ""positive"", ""defending_vote"": ""sim"", ""confidence"": 0.95}]",JUDGMENT_MISMATCH_WITH_CORRECTED_MATRIX | WRONG_SEVERITY:3->2 | WRONG_STRUCTURAL_TYPE:structural->budgetary,KEEP_CORRECTED,"{""canonical_key"": ""camara|plp|230|2025"", ""severity"": 2, ""structural_type"": ""budgetary"", ""assessments"": [{""group"": ""pessoas_com_deficiencia"", ""impact_direction"": ""unclear"", ""defending_vote"": null, ""confidence"": 0.55}]}"
7,camara:plp-41-2024,camara,plp,41,2024,Política Nacional de Prevenção e Enfrentamento da Violência contra Mulheres e Feminicídio,4,structural,"[{""group"": ""mulheres"", ""impact_direction"": ""positive"", ""defending_vote"": ""sim"", ""confidence"": 0.99}]",WRONG_SEVERITY:4->5,KEEP_CORRECTED,"{""canonical_key"": ""camara|plp|41|2026"", ""severity"": 5, ""structural_type"": ""structural"", ""assessments"": [{""group"": ""mulheres"", ""impact_direction"": ""positive"", ""defending_vote"": ""sim"", ""confidence"": 0.99}]}"
8,alrs:pl-510-2025,alrs,pl,510,2025,Consolidação e ampliação da legislação relativa a mulheres vítimas de violência no RS,4,structural,"[{""group"": ""mulheres"", ""impact_direction"": ""positive"", ""defending_vote"": ""sim"", ""confidence"": 0.95}]",NO_MATCH_TO_CURRENT_APPROVED_IMPACT_MATRIX,WITHHOLD_PENDING_EDITORIAL_REVIEW,
9,alrs:pl-125-2021,alrs,pl,125,2021,Criação do Programa Estadual de Defesa Pessoal para Mulheres RS POR ELAS,3,structural,"[{""group"": ""mulheres"", ""impact_direction"": ""positive"", ""defending_vote"": ""sim"", ""confidence"": 0.9}]",NO_JUDGMENT_ERROR_DETECTED,KEEP_CORRECTED,"{""canonical_key"": ""alrs|pl|125|2021"", ""severity"": 3, ""structural_type"": ""structural"", ""assessments"": [{""group"": ""mulheres"", ""impact_direction"": ""positive"", ""defending_vote"": ""sim"", ""confidence"": 0.95}]}"
10,alrs:pl-432-2023,alrs,pl,432,2023,Cessão gratuita de espaços da rede pública para cursos pré-universitários populares,3,structural,"[{""group"": ""criancas_adolescentes_vulnerabilidade"", ""impact_direction"": ""positive"", ""defending_vote"": ""sim"", ""confidence"": 0.92}, {""group"": ""populacao_negra_periferica"", ""impact_direction"": ""positive"", ""defending_vote"": ""sim"", ""confidence"": 0.88}]",NO_MATCH_TO_CURRENT_APPROVED_IMPACT_MATRIX,WITHHOLD_PENDING_EDITORIAL_REVIEW,
11,alrs:pl-libertar-2024,alrs,pl,libertar,2024,Projeto Libertar — Política de prevenção a crimes sexuais contra crianças e adolescentes,4,structural,"[{""group"": ""criancas_adolescentes_vulnerabilidade"", ""impact_direction"": ""positive"", ""defending_vote"": ""sim"", ""confidence"": 0.95}]",NO_MATCH_TO_CURRENT_APPROVED_IMPACT_MATRIX,WITHHOLD_PENDING_EDITORIAL_REVIEW,
12,alrs:pl-patrulha-infancia-2024,alrs,pl,patrulha-infancia,2024,Patrulha Estadual de Prevenção à Violência Doméstica contra Crianças e Adolescentes,4,structural,"[{""group"": ""criancas_adolescentes_vulnerabilidade"", ""impact_direction"": ""positive"", ""defending_vote"": ""sim"", ""confidence"": 0.95}]",NO_MATCH_TO_CURRENT_APPROVED_IMPACT_MATRIX,WITHHOLD_PENDING_EDITORIAL_REVIEW,
13,alrs:pl-fibromialgia-2023,alrs,pl,fibromialgia,2023,Lei Daniel Lenz — Atendimento prioritário e direitos para pessoas com fibromialgia,2,symbolic,"[{""group"": ""pessoas_com_deficiencia"", ""impact_direction"": ""positive"", ""defending_vote"": ""sim"", ""confidence"": 0.9}]",NO_MATCH_TO_CURRENT_APPROVED_IMPACT_MATRIX,WITHHOLD_PENDING_EDITORIAL_REVIEW,
14,alrs:pl-orfandade-covid-2023,alrs,pl,orfandade-covid,2023,Proteção social e auxílio às crianças e adolescentes em situação de orfandade,3,budgetary,"[{""group"": ""criancas_adolescentes_vulnerabilidade"", ""impact_direction"": ""positive"", ""defending_vote"": ""sim"", ""confidence"": 0.95}]",NO_MATCH_TO_CURRENT_APPROVED_IMPACT_MATRIX,WITHHOLD_PENDING_EDITORIAL_REVIEW,
15,camara:mpv-1313-2025,camara,mpv,1313,2025,Apoio emergencial e amparo aos trabalhadores informais e autônomos,2,structural,"[{""group"": ""trabalhadores_informais"", ""impact_direction"": ""positive"", ""defending_vote"": ""sim"", ""confidence"": 0.85}]",NO_MATCH_TO_CURRENT_APPROVED_IMPACT_MATRIX,WITHHOLD_PENDING_EDITORIAL_REVIEW,
16,camara:mpv-1323-2025,camara,mpv,1323,2025,Linhas de crédito e amparo produtivo a microempreendedores e trabalhadores informais,3,structural,"[{""group"": ""trabalhadores_informais"", ""impact_direction"": ""positive"", ""defending_vote"": ""sim"", ""confidence"": 0.85}]",NO_MATCH_TO_CURRENT_APPROVED_IMPACT_MATRIX,WITHHOLD_PENDING_EDITORIAL_REVIEW,
17,alrs:pl-27-2024,alrs,pl,27,2024,Reconhecimento da identidade de gênero de pessoas trans e não binárias pós-morte,3,structural,"[{""group"": ""lgbtqia"", ""impact_direction"": ""positive"", ""defending_vote"": ""sim"", ""confidence"": 0.99}]",NO_JUDGMENT_ERROR_DETECTED,KEEP_CORRECTED,"{""canonical_key"": ""alrs|pl|27|2024"", ""severity"": 3, ""structural_type"": ""structural"", ""assessments"": [{""group"": ""lgbtqia"", ""impact_direction"": ""positive"", ""defending_vote"": ""sim"", ""confidence"": 0.99}]}"
18,alrs:pl-43-2019,alrs,pl,43,2019,Divulgação obrigatória do canal Disque 180 em estabelecimentos,2,structural,"[{""group"": ""mulheres"", ""impact_direction"": ""positive"", ""defending_vote"": ""sim"", ""confidence"": 0.9}]",NO_JUDGMENT_ERROR_DETECTED,KEEP_CORRECTED,"{""canonical_key"": ""alrs|pl|43|2019"", ""severity"": 2, ""structural_type"": ""structural"", ""assessments"": [{""group"": ""mulheres"", ""impact_direction"": ""positive"", ""defending_vote"": ""sim"", ""confidence"": 0.9}]}"
19,alrs:pec-302-2025-mecanismos-de-p,alrs,pl,1,2026,"Altera a Constituição do Estado do Rio Grande do Sul para instituir mecanismos de promoção e garantia de fomento ao Turismo, e transversalidade de ações com a Cultura e o Desporto, e dá outras providências.",4,structural,"[{""group"": ""meio_ambiente_clima"", ""impact_direction"": ""positive"", ""defending_vote"": ""sim"", ""confidence"": 0.9}]",INVALID_TAXONOMY_GROUP:meio_ambiente_clima | MALFORMED_PROPOSITION_IDENTITY:number=1/year=2026_placeholder | HEURISTIC_TEMPLATE_RATIONALE | NO_MATCH_TO_CURRENT_APPROVED_IMPACT_MATRIX,WITHHOLD_PENDING_EDITORIAL_REVIEW,
20,alrs:pl-510-2025-altera-legisla-,alrs,pl,1,2026,"Altera a Lei Ordinária n.º 15.988 de 07 de agosto de 2023, que consolida a legislação relativa às mulheres vítimas de violência no âmbito do Estado do Rio Grande do Sul.",4,structural,"[{""group"": ""mulheres"", ""impact_direction"": ""positive"", ""defending_vote"": ""sim"", ""confidence"": 0.95}]",MALFORMED_PROPOSITION_IDENTITY:number=1/year=2026_placeholder | HEURISTIC_TEMPLATE_RATIONALE | DUPLICATE_OF_CANONICAL_MATTER,REMOVE_DUPLICATE,"{""canonical_key"": ""alrs|pl|98|2024""}"
21,alrs:pl-432-2023-cess-o-de-espa-o,alrs,pl,1,2026,Permite a cessão gratuita dos espaços físicos das unidades da rede pública estadual de ensino do Estado do Rio Grande do Sul para o funcionamento de cursos pré-universitários populares e dá outras providências. (SEI 14400-01.00/23-2),3,structural,"[{""group"": ""educacao_estudantes"", ""impact_direction"": ""positive"", ""defending_vote"": ""sim"", ""confidence"": 0.9}]",INVALID_TAXONOMY_GROUP:educacao_estudantes | MALFORMED_PROPOSITION_IDENTITY:number=1/year=2026_placeholder | HEURISTIC_TEMPLATE_RATIONALE | NO_MATCH_TO_CURRENT_APPROVED_IMPACT_MATRIX,WITHHOLD_PENDING_EDITORIAL_REVIEW,
22,alrs:pl-125-2021-programa-rs-por-,alrs,pl,1,2026,Dispõe sobre a criação do Programa de Defesa pessoal para Mulheres “RS POR ELAS” no âmbito do Estado do Rio Grande do Sul e dá outras providências.(SEI 4237-0100/21-8),3,structural,"[{""group"": ""mulheres"", ""impact_direction"": ""positive"", ""defending_vote"": ""sim"", ""confidence"": 0.95}]",MALFORMED_PROPOSITION_IDENTITY:number=1/year=2026_placeholder | HEURISTIC_TEMPLATE_RATIONALE | DUPLICATE_OF_CANONICAL_MATTER,REMOVE_DUPLICATE,"{""canonical_key"": ""alrs|pl|125|2021""}"
23,alrs:institui-a-pol-tica-de-preven-,alrs,pl,1,2026,"Institui a política de prevenção a crimes sexuais contra adolescentes, no Estado do Rio Grande do Sul, denominado “Projeto Libertar”.",4,structural,"[{""group"": ""criancas_adolescentes_vulnerabilidade"", ""impact_direction"": ""positive"", ""defending_vote"": ""sim"", ""confidence"": 0.95}]",MALFORMED_PROPOSITION_IDENTITY:number=1/year=2026_placeholder | HEURISTIC_TEMPLATE_RATIONALE | WRONG_SEVERITY:4->3,KEEP_CORRECTED,"{""canonical_key"": ""alrs|pl|66|2024"", ""severity"": 3, ""structural_type"": ""structural"", ""assessments"": [{""group"": ""criancas_adolescentes_vulnerabilidade"", ""impact_direction"": ""positive"", ""defending_vote"": ""sim"", ""confidence"": 0.97}]}"
24,alrs:disp-e-sobre-a-cria-o-da-patr,alrs,pl,1,2026,Dispõe sobre a criação da Patrulha Estadual de Prevenção à Violência Doméstica e Familiar contra Crianças e Adolescentes.,4,structural,"[{""group"": ""mulheres"", ""impact_direction"": ""positive"", ""defending_vote"": ""sim"", ""confidence"": 0.95}]",MALFORMED_PROPOSITION_IDENTITY:number=1/year=2026_placeholder | HEURISTIC_TEMPLATE_RATIONALE | JUDGMENT_MISMATCH_WITH_CORRECTED_MATRIX | DUPLICATE_OF_CANONICAL_MATTER,REMOVE_DUPLICATE,"{""canonical_key"": ""alrs|pl|424|2024""}"
25,alrs:altera-a-lei-n-15-950-de-9-,alrs,pl,1,2026,"Altera a Lei n.º 15.950, de 9 de janeiro de 2023, que consolida a legislação estadual relativa a eventos e datas estaduais, instituindo o Calendário Oficial de Eventos e Datas Comemorativas do Estado do Rio Grande do Sul, para incluir o Março Lilás, o dia de conscientização sobre HPV, o dia da prevenção ao câncer de colo do útero, e dá outras providências.",3,structural,"[{""group"": ""mulheres"", ""impact_direction"": ""positive"", ""defending_vote"": ""sim"", ""confidence"": 0.95}]",MALFORMED_PROPOSITION_IDENTITY:number=1/year=2026_placeholder | HEURISTIC_TEMPLATE_RATIONALE | WRONG_SEVERITY:3->1 | WRONG_STRUCTURAL_TYPE:structural->symbolic,KEEP_CORRECTED,"{""canonical_key"": ""alrs|pl|57|2025"", ""severity"": 1, ""structural_type"": ""symbolic"", ""assessments"": [{""group"": ""mulheres"", ""impact_direction"": ""positive"", ""defending_vote"": ""sim"", ""confidence"": 0.95}]}"
26,alrs:altera-a-lei-n-15-606-de-29-,alrs,pl,1,2026,"Altera a Lei nº 15.606, de 29 de abril de 2021, que institui a Política Estadual de Proteção dos Direitos da Pessoa com Fibromialgia – Lei Daniel Lenz, tornando obrigatória a inclusão do símbolo mundial da Fibromialgia nas placas ou avisos de atendimento prioritário no Estado do Rio Grande do Sul.",3,structural,"[{""group"": ""pessoas_com_deficiencia"", ""impact_direction"": ""positive"", ""defending_vote"": ""sim"", ""confidence"": 0.92}]",MALFORMED_PROPOSITION_IDENTITY:number=1/year=2026_placeholder | HEURISTIC_TEMPLATE_RATIONALE | WRONG_SEVERITY:3->2 | DUPLICATE_OF_CANONICAL_MATTER,REMOVE_DUPLICATE,"{""canonical_key"": ""alrs|pl|100|2025""}"
27,alrs:altera-a-lei-n-12-882-de-03-,alrs,pl,1,2026,"Altera a Lei nº 12.882, de 03 de janeiro de 2008, que institui o Programa Estadual de Apoio ao Transporte Escolar no Rio Grande do Sul - PEATE/RS.",3,structural,"[{""group"": ""educacao_estudantes"", ""impact_direction"": ""positive"", ""defending_vote"": ""sim"", ""confidence"": 0.9}]",INVALID_TAXONOMY_GROUP:educacao_estudantes | MALFORMED_PROPOSITION_IDENTITY:number=1/year=2026_placeholder | HEURISTIC_TEMPLATE_RATIONALE | NO_MATCH_TO_CURRENT_APPROVED_IMPACT_MATRIX,WITHHOLD_PENDING_EDITORIAL_REVIEW,
28,alrs:institui-a-pol-tica-estadual-d,alrs,pl,1,2026,Institui a Política Estadual de Proteção Social às Crianças e aos Adolescentes em situação de orfandade decorrente da Covid-19 e dá outras providências. (SEI 1338-0100/22-5),4,structural,"[{""group"": ""criancas_adolescentes_vulnerabilidade"", ""impact_direction"": ""positive"", ""defending_vote"": ""sim"", ""confidence"": 0.95}]",MALFORMED_PROPOSITION_IDENTITY:number=1/year=2026_placeholder | HEURISTIC_TEMPLATE_RATIONALE | DUPLICATE_OF_CANONICAL_MATTER,REMOVE_DUPLICATE,"{""canonical_key"": ""alrs|pl|10|2022""}"
29,alrs:altera-a-lei-n-15-266-de-24-,alrs,pl,1,2026,"Altera a Lei nº 15.266, de 24 de janeiro de 2019, que dispõe sobre o Estatuto do Concurso Público no âmbito do Estado do Rio Grande do Sul e dá outras providências.",3,structural,"[{""group"": ""servidores_publicos"", ""impact_direction"": ""positive"", ""defending_vote"": ""sim"", ""confidence"": 0.92}]",INVALID_TAXONOMY_GROUP:servidores_publicos | MALFORMED_PROPOSITION_IDENTITY:number=1/year=2026_placeholder | HEURISTIC_TEMPLATE_RATIONALE | NO_MATCH_TO_CURRENT_APPROVED_IMPACT_MATRIX,WITHHOLD_PENDING_EDITORIAL_REVIEW,
30,alrs:altera-a-lei-estadual-n-16-32,alrs,pl,1,2026,"Altera a Lei Estadual nº 16.328, de 8 de agosto de 2025, que institui a reserva de vagas, em percentual de no mínimo 20% (vinte por cento), nas empresas da área de segurança, vigilância e transportes de valores, para vigilantes do sexo feminino, nas contratações que especifica e dá outras providências, estendendo a reserva de vagas para todos os tipos de contrato e priorizando a contratação de vít",4,structural,"[{""group"": ""meio_ambiente_clima"", ""impact_direction"": ""positive"", ""defending_vote"": ""sim"", ""confidence"": 0.9}]",INVALID_TAXONOMY_GROUP:meio_ambiente_clima | MALFORMED_PROPOSITION_IDENTITY:number=1/year=2026_placeholder | HEURISTIC_TEMPLATE_RATIONALE | JUDGMENT_MISMATCH_WITH_CORRECTED_MATRIX | DUPLICATE_OF_CANONICAL_MATTER,REMOVE_DUPLICATE,"{""canonical_key"": ""alrs|pl|361|2025""}"
31,alrs:institui-o-programa-estadual-d,alrs,pl,1,2026,Institui o Programa Estadual de Promoção da Cultura e das Tradições Gaúchas nas Escolas da Rede Pública Estadual do Rio Grande do Sul.,3,structural,"[{""group"": ""educacao_estudantes"", ""impact_direction"": ""positive"", ""defending_vote"": ""sim"", ""confidence"": 0.9}]",INVALID_TAXONOMY_GROUP:educacao_estudantes | MALFORMED_PROPOSITION_IDENTITY:number=1/year=2026_placeholder | HEURISTIC_TEMPLATE_RATIONALE | NO_MATCH_TO_CURRENT_APPROVED_IMPACT_MATRIX,WITHHOLD_PENDING_EDITORIAL_REVIEW,
32,alrs:cria-o-programa-estadual-de-pr,alrs,pl,1,2026,"Cria o Programa Estadual de Proteção e Apoio à Mulher Vítima de Violência Doméstica ou Familiar (PROMULHER-RS) e altera a Lei n.º 15.988, de 7 de agosto de 2023, que consolida a legislação relativa às mulheres vítimas de violência no âmbito do Estado do Rio Grande do Sul.(SEI 13088-0100/23-9)",4,structural,"[{""group"": ""mulheres"", ""impact_direction"": ""positive"", ""defending_vote"": ""sim"", ""confidence"": 0.95}]",MALFORMED_PROPOSITION_IDENTITY:number=1/year=2026_placeholder | HEURISTIC_TEMPLATE_RATIONALE | WRONG_SEVERITY:4->3 | DUPLICATE_OF_CANONICAL_MATTER,REMOVE_DUPLICATE,"{""canonical_key"": ""alrs|pl|371|2023""}"
33,alrs:institui-o-programa-de-combate,alrs,pl,1,2026,"Institui o Programa de Combate ao Vício em Apostas e Jogos de Azar – Ludopatia, no âmbito do Estado do Rio Grande do Sul.",4,structural,"[{""group"": ""meio_ambiente_clima"", ""impact_direction"": ""positive"", ""defending_vote"": ""sim"", ""confidence"": 0.9}]",INVALID_TAXONOMY_GROUP:meio_ambiente_clima | MALFORMED_PROPOSITION_IDENTITY:number=1/year=2026_placeholder | HEURISTIC_TEMPLATE_RATIONALE | NO_MATCH_TO_CURRENT_APPROVED_IMPACT_MATRIX,WITHHOLD_PENDING_EDITORIAL_REVIEW,
34,alrs:disp-e-sobre-as-condi-es-de-d,alrs,pl,1,2026,Dispõe sobre as condições de descanso intrajornada dos profissionais de enfermagem durante o horário de trabalho. (SEI 000005461-01.00/21-0 e 1030-0100/22-9),4,structural,"[{""group"": ""meio_ambiente_clima"", ""impact_direction"": ""positive"", ""defending_vote"": ""sim"", ""confidence"": 0.9}]",INVALID_TAXONOMY_GROUP:meio_ambiente_clima | MALFORMED_PROPOSITION_IDENTITY:number=1/year=2026_placeholder | HEURISTIC_TEMPLATE_RATIONALE | NO_MATCH_TO_CURRENT_APPROVED_IMPACT_MATRIX,WITHHOLD_PENDING_EDITORIAL_REVIEW,
35,alrs:disp-e-sobre-restri-es-publ,alrs,pl,1,2026,Dispõe sobre restrições à publicidade de plataformas de apostas esportivas no âmbito do Estado do Rio Grande do Sul e dá outras providências.,4,structural,"[{""group"": ""meio_ambiente_clima"", ""impact_direction"": ""positive"", ""defending_vote"": ""sim"", ""confidence"": 0.9}]",INVALID_TAXONOMY_GROUP:meio_ambiente_clima | MALFORMED_PROPOSITION_IDENTITY:number=1/year=2026_placeholder | HEURISTIC_TEMPLATE_RATIONALE | JUDGMENT_MISMATCH_WITH_CORRECTED_MATRIX | WRONG_SEVERITY:4->3,KEEP_CORRECTED,"{""canonical_key"": ""alrs|pl|408|2025"", ""severity"": 3, ""structural_type"": ""structural"", ""assessments"": [{""group"": ""criancas_adolescentes_vulnerabilidade"", ""impact_direction"": ""positive"", ""defending_vote"": ""sim"", ""confidence"": 0.97}]}"
36,alrs:disp-e-sobre-a-instala-o-da-a,alrs,pl,1,2026,"Dispõe sobre a instalação da Assembleia Legislativa do Estado do Rio Grande do Sul na Exposição Internacional de Animais, Máquinas, Implementos e Produtos Agropecuários – Expointer 2026.",4,structural,"[{""group"": ""meio_ambiente_clima"", ""impact_direction"": ""positive"", ""defending_vote"": ""sim"", ""confidence"": 0.9}]",INVALID_TAXONOMY_GROUP:meio_ambiente_clima | MALFORMED_PROPOSITION_IDENTITY:number=1/year=2026_placeholder | HEURISTIC_TEMPLATE_RATIONALE | NO_MATCH_TO_CURRENT_APPROVED_IMPACT_MATRIX,WITHHOLD_PENDING_EDITORIAL_REVIEW,
37,alrs:cria-o-programa-profissional-d,alrs,pl,1,2026,"Cria o Programa Profissional do Futuro, no âmbito do Estado do Rio Grande do Sul",4,structural,"[{""group"": ""meio_ambiente_clima"", ""impact_direction"": ""positive"", ""defending_vote"": ""sim"", ""confidence"": 0.9}]",INVALID_TAXONOMY_GROUP:meio_ambiente_clima | MALFORMED_PROPOSITION_IDENTITY:number=1/year=2026_placeholder | HEURISTIC_TEMPLATE_RATIONALE | NO_MATCH_TO_CURRENT_APPROVED_IMPACT_MATRIX,WITHHOLD_PENDING_EDITORIAL_REVIEW,
38,alrs:institui-o-programa-de-inclus-,alrs,pl,1,2026,"Institui o Programa de Inclusão Digital para Idosos (PIDI) no âmbito do Estado do Rio Grande do Sul, e dá outras providências.",4,structural,"[{""group"": ""meio_ambiente_clima"", ""impact_direction"": ""positive"", ""defending_vote"": ""sim"", ""confidence"": 0.9}]",INVALID_TAXONOMY_GROUP:meio_ambiente_clima | MALFORMED_PROPOSITION_IDENTITY:number=1/year=2026_placeholder | HEURISTIC_TEMPLATE_RATIONALE | JUDGMENT_MISMATCH_WITH_CORRECTED_MATRIX | WRONG_SEVERITY:4->3,KEEP_CORRECTED,"{""canonical_key"": ""alrs|pl|328|2024"", ""severity"": 3, ""structural_type"": ""structural"", ""assessments"": [{""group"": ""pessoas_idosas_dependentes"", ""impact_direction"": ""positive"", ""defending_vote"": ""sim"", ""confidence"": 0.92}]}"
39,alrs:institui-a-pol-cia-penal-do-es,alrs,pl,1,2026,Institui a Polícia Penal do Estado do Rio Grande do Sul e dá outras providências. (SEI 4940-0100/21-8),4,structural,"[{""group"": ""meio_ambiente_clima"", ""impact_direction"": ""positive"", ""defending_vote"": ""sim"", ""confidence"": 0.9}]",INVALID_TAXONOMY_GROUP:meio_ambiente_clima | MALFORMED_PROPOSITION_IDENTITY:number=1/year=2026_placeholder | HEURISTIC_TEMPLATE_RATIONALE | NO_MATCH_TO_CURRENT_APPROVED_IMPACT_MATRIX,WITHHOLD_PENDING_EDITORIAL_REVIEW,
40,alrs:institui-a-prote-o-e-imutabil,alrs,pl,1,2026,Institui a proteção e imutabilidade dos símbolos do Estado do Rio Grande do Sul.(SEI 5735-01.00/23-7),4,structural,"[{""group"": ""meio_ambiente_clima"", ""impact_direction"": ""positive"", ""defending_vote"": ""sim"", ""confidence"": 0.9}]",INVALID_TAXONOMY_GROUP:meio_ambiente_clima | MALFORMED_PROPOSITION_IDENTITY:number=1/year=2026_placeholder | HEURISTIC_TEMPLATE_RATIONALE | NO_MATCH_TO_CURRENT_APPROVED_IMPACT_MATRIX,WITHHOLD_PENDING_EDITORIAL_REVIEW,
41,alrs:estabelece-a-divulga-o-em-mur,alrs,pl,1,2026,Estabelece a divulgação em murais de vagas de trabalho em shoppings e centros comerciais localizados nos Munícipio do Estado do Rio Grande do Sul por meio de painéis afixados em locais de fácil acesso à população. (SEI 3999-0100/23-0),4,structural,"[{""group"": ""meio_ambiente_clima"", ""impact_direction"": ""positive"", ""defending_vote"": ""sim"", ""confidence"": 0.9}]",INVALID_TAXONOMY_GROUP:meio_ambiente_clima | MALFORMED_PROPOSITION_IDENTITY:number=1/year=2026_placeholder | HEURISTIC_TEMPLATE_RATIONALE | NO_MATCH_TO_CURRENT_APPROVED_IMPACT_MATRIX,WITHHOLD_PENDING_EDITORIAL_REVIEW,
42,alrs:altera-a-lei-complementar-n-1,alrs,pl,1,2026,"Altera a Lei Complementar nº 10.992, de 18 de agosto de 1997, que dispõe sobre a carreira dos Servidores Militares do Estado do Rio Grande do Sul e dá outras providências.(SEI 11040-0100/21-9)",3,structural,"[{""group"": ""servidores_publicos"", ""impact_direction"": ""positive"", ""defending_vote"": ""sim"", ""confidence"": 0.92}]",INVALID_TAXONOMY_GROUP:servidores_publicos | MALFORMED_PROPOSITION_IDENTITY:number=1/year=2026_placeholder | HEURISTIC_TEMPLATE_RATIONALE | NO_MATCH_TO_CURRENT_APPROVED_IMPACT_MATRIX,WITHHOLD_PENDING_EDITORIAL_REVIEW,
43,alrs:disp-e-sobre-a-inclus-o-da-tem,alrs,pl,1,2026,"Dispõe sobre a inclusão da temática “Educação Humanitária” no conteúdo programático das Escolas da Rede de Ensino Estadual do Rio Grande do Sul, e dá outras providências. (SEI 8011.0100/20-2)",3,structural,"[{""group"": ""educacao_estudantes"", ""impact_direction"": ""positive"", ""defending_vote"": ""sim"", ""confidence"": 0.9}]",INVALID_TAXONOMY_GROUP:educacao_estudantes | MALFORMED_PROPOSITION_IDENTITY:number=1/year=2026_placeholder | HEURISTIC_TEMPLATE_RATIONALE | NO_MATCH_TO_CURRENT_APPROVED_IMPACT_MATRIX,WITHHOLD_PENDING_EDITORIAL_REVIEW,
44,alrs:disp-e-sobre-a-obrigatoriedade,alrs,pl,1,2026,"Dispõe sobre a obrigatoriedade de afixação, no âmbito do Estado do Rio Grande do Sul, de placas informativas com o número da Central de Atendimento à Mulher, Disque Denúncia da Violência Contra a Mulher (Disque 180). (SEI 8916-01.00/21-8)",4,structural,"[{""group"": ""mulheres"", ""impact_direction"": ""positive"", ""defending_vote"": ""sim"", ""confidence"": 0.95}]",MALFORMED_PROPOSITION_IDENTITY:number=1/year=2026_placeholder | HEURISTIC_TEMPLATE_RATIONALE | WRONG_SEVERITY:4->2 | DUPLICATE_OF_CANONICAL_MATTER,REMOVE_DUPLICATE,"{""canonical_key"": ""alrs|pl|43|2019""}"
45,alrs:disp-e-sobre-o-uso-de-assinatu,alrs,pl,1,2026,"Dispõe sobre o uso de assinaturas eletrônicas para os fins do artigo 68, incisos I e II, da Constituição do Estado do Rio Grande do Sul e dá outras providências.(SEI 5782-0100/21-1)",4,structural,"[{""group"": ""meio_ambiente_clima"", ""impact_direction"": ""positive"", ""defending_vote"": ""sim"", ""confidence"": 0.9}]",INVALID_TAXONOMY_GROUP:meio_ambiente_clima | MALFORMED_PROPOSITION_IDENTITY:number=1/year=2026_placeholder | HEURISTIC_TEMPLATE_RATIONALE | NO_MATCH_TO_CURRENT_APPROVED_IMPACT_MATRIX,WITHHOLD_PENDING_EDITORIAL_REVIEW,
46,alrs:altera-a-lei-complementar-n-,alrs,pl,1,2026,"Altera a Lei Complementar n.º 15.224, de 10 de setembro de 2018, que cria o Programa de Incentivo ao Aparelhamento da Segurança Pública do Estado do Rio Grande do Sul – PISEG/RS.(SEI 10776-0100/23-7)",4,structural,"[{""group"": ""meio_ambiente_clima"", ""impact_direction"": ""positive"", ""defending_vote"": ""sim"", ""confidence"": 0.9}]",INVALID_TAXONOMY_GROUP:meio_ambiente_clima | MALFORMED_PROPOSITION_IDENTITY:number=1/year=2026_placeholder | HEURISTIC_TEMPLATE_RATIONALE | NO_MATCH_TO_CURRENT_APPROVED_IMPACT_MATRIX,WITHHOLD_PENDING_EDITORIAL_REVIEW,
47,alrs:institui-a-regi-o-tur-stica-va,alrs,pl,1,2026,"Institui a Região Turística Vale Germânico no Estado do Rio Grande do Sul, e dá outras providências.(SEI 7484-0.100/21-7)(Requerimento tramitação ordinária)",4,structural,"[{""group"": ""meio_ambiente_clima"", ""impact_direction"": ""positive"", ""defending_vote"": ""sim"", ""confidence"": 0.9}]",INVALID_TAXONOMY_GROUP:meio_ambiente_clima | MALFORMED_PROPOSITION_IDENTITY:number=1/year=2026_placeholder | HEURISTIC_TEMPLATE_RATIONALE | NO_MATCH_TO_CURRENT_APPROVED_IMPACT_MATRIX,WITHHOLD_PENDING_EDITORIAL_REVIEW,
48,alrs:institui-o-plano-estadual-de-r,alrs,pl,1,2026,"Institui o Plano Estadual de Redução de Mortes e Acidentes no Trânsito, no Estado do Rio Grande do Sul. (SEI 6247-0100/20-6)",4,structural,"[{""group"": ""meio_ambiente_clima"", ""impact_direction"": ""positive"", ""defending_vote"": ""sim"", ""confidence"": 0.9}]",INVALID_TAXONOMY_GROUP:meio_ambiente_clima | MALFORMED_PROPOSITION_IDENTITY:number=1/year=2026_placeholder | HEURISTIC_TEMPLATE_RATIONALE | NO_MATCH_TO_CURRENT_APPROVED_IMPACT_MATRIX,WITHHOLD_PENDING_EDITORIAL_REVIEW,
49,alrs:estabelece-diretrizes-sobre-o-,alrs,pl,1,2026,"Estabelece diretrizes sobre o pagamento de indenização ao Estado do Rio Grande do Sul, realizado por agentes públicos e proveniente de danos materiais causados na condução de viaturas públicas ou veículos de socorro e/ou salvamento, em decorrência da prestação de serviço público de urgência e/ou emergência, e dá outras providências. (SEI 13284-01.00/23-4)",4,structural,"[{""group"": ""meio_ambiente_clima"", ""impact_direction"": ""positive"", ""defending_vote"": ""sim"", ""confidence"": 0.9}]",INVALID_TAXONOMY_GROUP:meio_ambiente_clima | MALFORMED_PROPOSITION_IDENTITY:number=1/year=2026_placeholder | HEURISTIC_TEMPLATE_RATIONALE | NO_MATCH_TO_CURRENT_APPROVED_IMPACT_MATRIX,WITHHOLD_PENDING_EDITORIAL_REVIEW,
50,alrs:disp-e-sobre-a-pol-tica-de-tra,alrs,pl,1,2026,"Dispõe sobre a Política de Transparência da Operação, Manutenção e Medidas de Segurança das Barragens, no âmbito do Estado do Rio Grande do Sul. (SEI 14373-0100/23-5)",4,structural,"[{""group"": ""meio_ambiente_clima"", ""impact_direction"": ""positive"", ""defending_vote"": ""sim"", ""confidence"": 0.9}]",INVALID_TAXONOMY_GROUP:meio_ambiente_clima | MALFORMED_PROPOSITION_IDENTITY:number=1/year=2026_placeholder | HEURISTIC_TEMPLATE_RATIONALE | NO_MATCH_TO_CURRENT_APPROVED_IMPACT_MATRIX,WITHHOLD_PENDING_EDITORIAL_REVIEW,
51,alrs:regulamenta-a-colheita-do-pinh,alrs,pl,1,2026,Regulamenta a colheita do pinhão no Estado do Rio Grande do Sul. (SEI 4790-0100/22-9),4,structural,"[{""group"": ""meio_ambiente_clima"", ""impact_direction"": ""positive"", ""defending_vote"": ""sim"", ""confidence"": 0.9}]",INVALID_TAXONOMY_GROUP:meio_ambiente_clima | MALFORMED_PROPOSITION_IDENTITY:number=1/year=2026_placeholder | HEURISTIC_TEMPLATE_RATIONALE | NO_MATCH_TO_CURRENT_APPROVED_IMPACT_MATRIX,WITHHOLD_PENDING_EDITORIAL_REVIEW,
52,alrs:institui-o-conselho-estadual-d,alrs,pl,1,2026,Institui o Conselho Estadual de Acompanhamento e Controle Social do Fundo de Manutenção e Desenvolvimento da Educação Básica e de Valorização dos Profissionais da Educação - CACS-Fundeb.(SEI 6203-01.00/22-4),3,structural,"[{""group"": ""educacao_estudantes"", ""impact_direction"": ""positive"", ""defending_vote"": ""sim"", ""confidence"": 0.9}]",INVALID_TAXONOMY_GROUP:educacao_estudantes | MALFORMED_PROPOSITION_IDENTITY:number=1/year=2026_placeholder | HEURISTIC_TEMPLATE_RATIONALE | NO_MATCH_TO_CURRENT_APPROVED_IMPACT_MATRIX,WITHHOLD_PENDING_EDITORIAL_REVIEW,
53,alrs:disp-e-sobre-o-uso-do-nome-soc,alrs,pl,1,2026,"Dispõe sobre o uso do nome social nas certidões de óbito de pessoas trans, travestis e não binárias no âmbito do estado do Rio Grande do Sul e dá outras providências.",4,structural,"[{""group"": ""meio_ambiente_clima"", ""impact_direction"": ""positive"", ""defending_vote"": ""sim"", ""confidence"": 0.9}]",INVALID_TAXONOMY_GROUP:meio_ambiente_clima | MALFORMED_PROPOSITION_IDENTITY:number=1/year=2026_placeholder | HEURISTIC_TEMPLATE_RATIONALE | JUDGMENT_MISMATCH_WITH_CORRECTED_MATRIX | WRONG_SEVERITY:4->3 | DUPLICATE_OF_CANONICAL_MATTER,REMOVE_DUPLICATE,"{""canonical_key"": ""alrs|pl|27|2024""}"
54,alrs:disp-e-sobre-a-substitui-o-da,alrs,pl,1,2026,Dispõe sobre a substituição da energia tradicional por energia solar fotovoltaica nos prédios públicos do Estado do Rio Grande do Sul. (SEI 6811.0100/20-3),4,structural,"[{""group"": ""meio_ambiente_clima"", ""impact_direction"": ""positive"", ""defending_vote"": ""sim"", ""confidence"": 0.9}]",INVALID_TAXONOMY_GROUP:meio_ambiente_clima | MALFORMED_PROPOSITION_IDENTITY:number=1/year=2026_placeholder | HEURISTIC_TEMPLATE_RATIONALE | NO_MATCH_TO_CURRENT_APPROVED_IMPACT_MATRIX,WITHHOLD_PENDING_EDITORIAL_REVIEW,
55,alrs:institui-o-programa-para-atend,alrs,pl,1,2026,"Institui o Programa para Atendimento de Órfãos de Servidores Públicos integrante das carreiras da Segurança Pública, mortos em serviço ou em razão dele no Estado do Rio Grande do Sul. (SEI 14805-0100/23-9)",3,structural,"[{""group"": ""servidores_publicos"", ""impact_direction"": ""positive"", ""defending_vote"": ""sim"", ""confidence"": 0.92}]",INVALID_TAXONOMY_GROUP:servidores_publicos | MALFORMED_PROPOSITION_IDENTITY:number=1/year=2026_placeholder | HEURISTIC_TEMPLATE_RATIONALE | JUDGMENT_MISMATCH_WITH_CORRECTED_MATRIX,KEEP_CORRECTED,"{""canonical_key"": ""alrs|pl|449|2023"", ""severity"": 3, ""structural_type"": ""structural"", ""assessments"": [{""group"": ""criancas_adolescentes_vulnerabilidade"", ""impact_direction"": ""positive"", ""defending_vote"": ""sim"", ""confidence"": 0.9}]}"
56,alrs:altera-a-lei-n-14-183-de-28-,alrs,pl,1,2026,"Altera a Lei nº 14.183, de 28 de dezembro de 2012, que dispõe sobre o Plano de Carreira e Vencimentos e reorganiza o Quadro de Cargos de Provimento Efetivo e os cargos em comissão e funções gratificadas da Fundação Orquestra Sinfônica de Porto Alegre - FOSPA e dá outras providências, e a Lei nº 15.935, de 1º de janeiro de 2023, que institui o Novo Quadro Geral dos Cargos em Comissão e Funções Grat",3,structural,"[{""group"": ""servidores_publicos"", ""impact_direction"": ""positive"", ""defending_vote"": ""sim"", ""confidence"": 0.92}]",INVALID_TAXONOMY_GROUP:servidores_publicos | MALFORMED_PROPOSITION_IDENTITY:number=1/year=2026_placeholder | HEURISTIC_TEMPLATE_RATIONALE | NO_MATCH_TO_CURRENT_APPROVED_IMPACT_MATRIX,WITHHOLD_PENDING_EDITORIAL_REVIEW,
57,alrs:cria-o-programa-emergencial-de,alrs,pl,1,2026,"Cria o Programa Emergencial de Compensações do Serviço Público Delegado de Transporte Metropolitano Coletivo de Passageiros e dos Aglomerados Urbanos do Estado do Rio Grande do Sul, definido como essencial pelo art. 2º, da Lei nº 11.127, de 9 de fevereiro de 1998, como medida para atenuar os efeitos do estado de emergência decorrente da elevação extraordinária e imprevisível dos preços do petróleo",4,structural,"[{""group"": ""meio_ambiente_clima"", ""impact_direction"": ""positive"", ""defending_vote"": ""sim"", ""confidence"": 0.9}]",INVALID_TAXONOMY_GROUP:meio_ambiente_clima | MALFORMED_PROPOSITION_IDENTITY:number=1/year=2026_placeholder | HEURISTIC_TEMPLATE_RATIONALE | NO_MATCH_TO_CURRENT_APPROVED_IMPACT_MATRIX,WITHHOLD_PENDING_EDITORIAL_REVIEW,
58,alrs:institui-no-mbito-da-adminis,alrs,pl,1,2026,"Institui, no âmbito da administração pública estadual, o Estatuto Estadual da Microempresa, Empresa de Pequeno Porte e Microempreendedor Individual, e dá outras providências.(SEI 6919-0.100/21-1)",3,structural,"[{""group"": ""servidores_publicos"", ""impact_direction"": ""positive"", ""defending_vote"": ""sim"", ""confidence"": 0.92}]",INVALID_TAXONOMY_GROUP:servidores_publicos | MALFORMED_PROPOSITION_IDENTITY:number=1/year=2026_placeholder | HEURISTIC_TEMPLATE_RATIONALE | NO_MATCH_TO_CURRENT_APPROVED_IMPACT_MATRIX,WITHHOLD_PENDING_EDITORIAL_REVIEW,
59,alrs:altera-a-reda-o-do-artigo-259,alrs,pl,1,2026,Altera a redação do artigo 259 da Constituição do Estado do Rio Grande do Sul.(SEI 5816.0100/20-0),4,structural,"[{""group"": ""meio_ambiente_clima"", ""impact_direction"": ""positive"", ""defending_vote"": ""sim"", ""confidence"": 0.9}]",INVALID_TAXONOMY_GROUP:meio_ambiente_clima | MALFORMED_PROPOSITION_IDENTITY:number=1/year=2026_placeholder | HEURISTIC_TEMPLATE_RATIONALE | NO_MATCH_TO_CURRENT_APPROVED_IMPACT_MATRIX,WITHHOLD_PENDING_EDITORIAL_REVIEW,
60,alrs:altera-o-par-grafo-nico-do-ar,alrs,pl,1,2026,Altera o parágrafo único do artigo 235 da Constituição do Estado do Rio Grande do Sul (SEI 14506-0100/23-7),4,structural,"[{""group"": ""meio_ambiente_clima"", ""impact_direction"": ""positive"", ""defending_vote"": ""sim"", ""confidence"": 0.9}]",INVALID_TAXONOMY_GROUP:meio_ambiente_clima | MALFORMED_PROPOSITION_IDENTITY:number=1/year=2026_placeholder | HEURISTIC_TEMPLATE_RATIONALE | NO_MATCH_TO_CURRENT_APPROVED_IMPACT_MATRIX,WITHHOLD_PENDING_EDITORIAL_REVIEW,
61,alrs:institui-a-obrigatoriedade-do-,alrs,pl,1,2026,"Institui a obrigatoriedade do teste do bracinho nas consultas pediátricas em crianças a partir de 03 (três) anos de idade, atendidas pela rede pública estadual de saúde no âmbito do Estado do Rio Grande do Sul.(SEI 8697-01.00/23-7)",4,structural,"[{""group"": ""criancas_adolescentes_vulnerabilidade"", ""impact_direction"": ""positive"", ""defending_vote"": ""sim"", ""confidence"": 0.95}]",MALFORMED_PROPOSITION_IDENTITY:number=1/year=2026_placeholder | HEURISTIC_TEMPLATE_RATIONALE | WRONG_SEVERITY:4->3,KEEP_CORRECTED,"{""canonical_key"": ""alrs|pl|238|2023"", ""severity"": 3, ""structural_type"": ""structural"", ""assessments"": [{""group"": ""criancas_adolescentes_vulnerabilidade"", ""impact_direction"": ""positive"", ""defending_vote"": ""sim"", ""confidence"": 0.9}]}"
62,alrs:altera-a-lei-n-6-537-de-27-d,alrs,pl,1,2026,"Altera a Lei nº 6.537, de 27 de fevereiro de 1973, que dispõe sobre o procedimento tributário administrativo e dá outras providências, e a Lei nº 8.820, de 27 de janeiro de 1989, que institui o Imposto sobre Operações Relativas à Circulação de Mercadorias e sobre Prestações de Serviços de Transporte Interestadual e Intermunicipal e de Comunicação e dá outras providências. 
(SEI 3399-01.00/21-5)",4,structural,"[{""group"": ""meio_ambiente_clima"", ""impact_direction"": ""positive"", ""defending_vote"": ""sim"", ""confidence"": 0.9}]",INVALID_TAXONOMY_GROUP:meio_ambiente_clima | MALFORMED_PROPOSITION_IDENTITY:number=1/year=2026_placeholder | HEURISTIC_TEMPLATE_RATIONALE | NO_MATCH_TO_CURRENT_APPROVED_IMPACT_MATRIX,WITHHOLD_PENDING_EDITORIAL_REVIEW,
63,alrs:institui-a-pol-tica-estadual-p,alrs,pl,1,2026,Institui a Política Estadual para Diagnóstico Precoce e Tratamento da Psoríase na Rede de Atenção à Saúde das pessoas com doenças crônicas no âmbito do Estado do Rio Grande do Sul. (SEI 6916-0100/20-5),3,budgetary,"[{""group"": ""saude_usuarios_sus"", ""impact_direction"": ""positive"", ""defending_vote"": ""sim"", ""confidence"": 0.9}]",INVALID_TAXONOMY_GROUP:saude_usuarios_sus | MALFORMED_PROPOSITION_IDENTITY:number=1/year=2026_placeholder | HEURISTIC_TEMPLATE_RATIONALE | NO_MATCH_TO_CURRENT_APPROVED_IMPACT_MATRIX,WITHHOLD_PENDING_EDITORIAL_REVIEW,
64,alrs:institui-mecanismo-de-controle,alrs,pl,1,2026,"Institui mecanismo de controle sobre provisões de encargos trabalhistas a serem pagos às empresas contratadas para prestar serviços de forma contínua, no âmbito do Estado do Rio Grande do Sul. (SEI 8906-01.00/21-6)",4,structural,"[{""group"": ""meio_ambiente_clima"", ""impact_direction"": ""positive"", ""defending_vote"": ""sim"", ""confidence"": 0.9}]",INVALID_TAXONOMY_GROUP:meio_ambiente_clima | MALFORMED_PROPOSITION_IDENTITY:number=1/year=2026_placeholder | HEURISTIC_TEMPLATE_RATIONALE | NO_MATCH_TO_CURRENT_APPROVED_IMPACT_MATRIX,WITHHOLD_PENDING_EDITORIAL_REVIEW,
65,alrs:altera-a-lei-n-13-467-de-15-,alrs,pl,1,2026,"Altera a Lei nº 13.467, de 15 de junho de 2010, que dispõe sobre a adoção de medidas de defesa sanitária animal no âmbito do Estado e dá outras providências e institui o Programa Recuperação de Créditos e Saneamento de Infrações. (SEI 11608-0100/22-0)",4,structural,"[{""group"": ""meio_ambiente_clima"", ""impact_direction"": ""positive"", ""defending_vote"": ""sim"", ""confidence"": 0.9}]",INVALID_TAXONOMY_GROUP:meio_ambiente_clima | MALFORMED_PROPOSITION_IDENTITY:number=1/year=2026_placeholder | HEURISTIC_TEMPLATE_RATIONALE | NO_MATCH_TO_CURRENT_APPROVED_IMPACT_MATRIX,WITHHOLD_PENDING_EDITORIAL_REVIEW,
66,alrs:cria-o-aux-lio-emergencial-de-,alrs,pl,1,2026,"Cria o Auxílio Emergencial de Operação e Custeio do Serviço Público de Transporte Metropolitano Coletivo de Passageiros e dos Aglomerados Urbanos do Estado do Rio Grande do Sul, definido como essencial pelo art. 2º, da Lei nº 11.127, de 9 de fevereiro de 1998, em função da emergência em saúde pública decorrente da pandemia da COVID-19.(SEI 10247-01.00/21-7)",3,budgetary,"[{""group"": ""saude_usuarios_sus"", ""impact_direction"": ""positive"", ""defending_vote"": ""sim"", ""confidence"": 0.9}]",INVALID_TAXONOMY_GROUP:saude_usuarios_sus | MALFORMED_PROPOSITION_IDENTITY:number=1/year=2026_placeholder | HEURISTIC_TEMPLATE_RATIONALE | NO_MATCH_TO_CURRENT_APPROVED_IMPACT_MATRIX,WITHHOLD_PENDING_EDITORIAL_REVIEW,
67,alrs:altera-a-lei-n-10-116-de-23-,alrs,pl,1,2026,"Altera a Lei nº 10.116, de 23 de março de 1994, que institui a Lei do Desenvolvimento Urbano, que dispõe sobre os critérios e requisitos mínimos para a definição e delimitação de áreas urbanas e de expansão urbana, sobre as diretrizes e normas gerais de parcelamento do solo para fins urbanos, sobre a elaboração de planos e de diretrizes gerais de ocupação do território pelos municípios e dá outras",3,budgetary,"[{""group"": ""saude_usuarios_sus"", ""impact_direction"": ""positive"", ""defending_vote"": ""sim"", ""confidence"": 0.9}]",INVALID_TAXONOMY_GROUP:saude_usuarios_sus | MALFORMED_PROPOSITION_IDENTITY:number=1/year=2026_placeholder | HEURISTIC_TEMPLATE_RATIONALE | NO_MATCH_TO_CURRENT_APPROVED_IMPACT_MATRIX,WITHHOLD_PENDING_EDITORIAL_REVIEW,
68,alrs:altera-a-lei-n-15-760-de-15-,alrs,pl,1,2026,"Altera a Lei nº 15.760, de 15 de dezembro de 2021, que institui o Programa Todo Jovem na Escola e dispõe sobre o pagamento de Bolsa Auxílio de Permanência Estudantil. (SEI 16656-0100/23-9)",4,structural,"[{""group"": ""criancas_adolescentes_vulnerabilidade"", ""impact_direction"": ""positive"", ""defending_vote"": ""sim"", ""confidence"": 0.95}]",MALFORMED_PROPOSITION_IDENTITY:number=1/year=2026_placeholder | HEURISTIC_TEMPLATE_RATIONALE | NO_MATCH_TO_CURRENT_APPROVED_IMPACT_MATRIX,WITHHOLD_PENDING_EDITORIAL_REVIEW,
69,alrs:altera-a-resolu-o-n-3-005-,alrs,pl,1,2026,"Altera a Resolução n.º 3.005, de 29 de novembro de 2007, que institui o Prêmio Zumbi dos Palmares, a ser conferido, anualmente, pela Assembleia Legislativa do Estado do Rio Grande do Sul e dá outras providências.",4,structural,"[{""group"": ""meio_ambiente_clima"", ""impact_direction"": ""positive"", ""defending_vote"": ""sim"", ""confidence"": 0.9}]",INVALID_TAXONOMY_GROUP:meio_ambiente_clima | MALFORMED_PROPOSITION_IDENTITY:number=1/year=2026_placeholder | HEURISTIC_TEMPLATE_RATIONALE | NO_MATCH_TO_CURRENT_APPROVED_IMPACT_MATRIX,WITHHOLD_PENDING_EDITORIAL_REVIEW,
70,alrs:altera-a-lei-n-13-320-de-21,alrs,pl,1,2026,"Altera a Lei nº. 13.320, de 21 de dezembro de 2009, que consolida a legislação relativa à pessoa com deficiência no Estado do Rio Grande do Sul. (SEI 14042-0100/23-2)",3,structural,"[{""group"": ""pessoas_com_deficiencia"", ""impact_direction"": ""positive"", ""defending_vote"": ""sim"", ""confidence"": 0.92}]",MALFORMED_PROPOSITION_IDENTITY:number=1/year=2026_placeholder | HEURISTIC_TEMPLATE_RATIONALE,KEEP_CORRECTED,"{""canonical_key"": ""alrs|pl|413|2023"", ""severity"": 3, ""structural_type"": ""structural"", ""assessments"": [{""group"": ""pessoas_com_deficiencia"", ""impact_direction"": ""positive"", ""defending_vote"": ""sim"", ""confidence"": 0.9}]}"
71,alrs:altera-a-lei-n-14-733-de-15-,alrs,pl,1,2026,"Altera a Lei nº 14.733, de 15 de setembro de 2015, que dispõe sobre a estrutura administrativa e diretrizes do Poder Executivo do Estado do Rio Grande do Sul e dá outras providências; a Lei Complementar nº 10.098, de 3 de fevereiro de 1994, que dispõe sobre o estatuto e regime jurídico único dos servidores públicos civis do Estado do Rio Grande do Sul; a Lei nº 11.127, de 09 de fevereiro de 1998,",3,structural,"[{""group"": ""servidores_publicos"", ""impact_direction"": ""positive"", ""defending_vote"": ""sim"", ""confidence"": 0.92}]",INVALID_TAXONOMY_GROUP:servidores_publicos | MALFORMED_PROPOSITION_IDENTITY:number=1/year=2026_placeholder | HEURISTIC_TEMPLATE_RATIONALE | NO_MATCH_TO_CURRENT_APPROVED_IMPACT_MATRIX,WITHHOLD_PENDING_EDITORIAL_REVIEW,
72,alrs:disp-e-sobre-a-reserva-de-vaga,alrs,pl,1,2026,Dispõe sobre a reserva de vagas para negros nos concursos públicos do Poder Judiciário do Estado do Rio Grande do Sul.(SEI 5407.0100/20-8),4,structural,"[{""group"": ""meio_ambiente_clima"", ""impact_direction"": ""positive"", ""defending_vote"": ""sim"", ""confidence"": 0.9}]",INVALID_TAXONOMY_GROUP:meio_ambiente_clima | MALFORMED_PROPOSITION_IDENTITY:number=1/year=2026_placeholder | HEURISTIC_TEMPLATE_RATIONALE | NO_MATCH_TO_CURRENT_APPROVED_IMPACT_MATRIX,WITHHOLD_PENDING_EDITORIAL_REVIEW,
73,alrs:disp-e-sobre-a-contrata-o-de-,alrs,pl,1,2026,"Dispõe sobre a contratação de prestação de serviços de terceirização de mão de obra e serviços técnicos profissionais especializados para órgãos da administração pública direta, indireta, autárquicas e fundacional, empresas públicas, sociedades de economia mista no âmbito do Estado do Rio Grande do Sul e dá outras providências.",4,structural,"[{""group"": ""meio_ambiente_clima"", ""impact_direction"": ""positive"", ""defending_vote"": ""sim"", ""confidence"": 0.9}]",INVALID_TAXONOMY_GROUP:meio_ambiente_clima | MALFORMED_PROPOSITION_IDENTITY:number=1/year=2026_placeholder | HEURISTIC_TEMPLATE_RATIONALE | NO_MATCH_TO_CURRENT_APPROVED_IMPACT_MATRIX,WITHHOLD_PENDING_EDITORIAL_REVIEW,
74,alrs:altera-a-lei-n-15-934-de-1-d,alrs,pl,1,2026,"Altera a Lei nº 15.934, de 1 de janeiro de 2023, que dispõe sobre a estrutura administrativa e diretrizes do Poder Executivo do Estado do Rio Grande do Sul e dá outras providências, e a Lei nº 15.935, de 1 de janeiro de 2023, que institui o Novo Quadro Geral dos Cargos em Comissão e Funções Gratificadas do Poder Executivo, regulamenta a gratificação pelo exercício de direção e de vice-direção de E",4,structural,"[{""group"": ""meio_ambiente_clima"", ""impact_direction"": ""positive"", ""defending_vote"": ""sim"", ""confidence"": 0.9}]",INVALID_TAXONOMY_GROUP:meio_ambiente_clima | MALFORMED_PROPOSITION_IDENTITY:number=1/year=2026_placeholder | HEURISTIC_TEMPLATE_RATIONALE | NO_MATCH_TO_CURRENT_APPROVED_IMPACT_MATRIX,WITHHOLD_PENDING_EDITORIAL_REVIEW,
75,alrs:institui-mecanismos-de-garanti,alrs,pl,1,2026,Institui mecanismos de garantia de pagamento de obrigações pecuniárias assumidas pelo Estado do Rio Grande do Sul em virtude de parceria público-privada para a construção e operação do Complexo Prisional de Erechim. (SEI 9485-0100/21-4),4,structural,"[{""group"": ""meio_ambiente_clima"", ""impact_direction"": ""positive"", ""defending_vote"": ""sim"", ""confidence"": 0.9}]",INVALID_TAXONOMY_GROUP:meio_ambiente_clima | MALFORMED_PROPOSITION_IDENTITY:number=1/year=2026_placeholder | HEURISTIC_TEMPLATE_RATIONALE | NO_MATCH_TO_CURRENT_APPROVED_IMPACT_MATRIX,WITHHOLD_PENDING_EDITORIAL_REVIEW,
76,alrs:institui-o-selo-igualdade-rac,alrs,pl,1,2026,Institui o “Selo Igualdade Racial” no Estado do Rio Grande do Sul e dá outras providências.,4,structural,"[{""group"": ""meio_ambiente_clima"", ""impact_direction"": ""positive"", ""defending_vote"": ""sim"", ""confidence"": 0.9}]",INVALID_TAXONOMY_GROUP:meio_ambiente_clima | MALFORMED_PROPOSITION_IDENTITY:number=1/year=2026_placeholder | HEURISTIC_TEMPLATE_RATIONALE | JUDGMENT_MISMATCH_WITH_CORRECTED_MATRIX | WRONG_SEVERITY:4->2 | WRONG_STRUCTURAL_TYPE:structural->symbolic | DUPLICATE_OF_CANONICAL_MATTER,REMOVE_DUPLICATE,"{""canonical_key"": ""alrs|pl|8|2023""}"
77,alrs:altera-a-lei-n-15-434-de-9-d,alrs,pl,1,2026,"Altera a Lei nº 15.434, de 9 de janeiro de 2020, que institui o Código Estadual do Meio Ambiente do Estado do Rio Grande do Sul.(SEI 5692-01.00/23-1)",4,structural,"[{""group"": ""meio_ambiente_clima"", ""impact_direction"": ""positive"", ""defending_vote"": ""sim"", ""confidence"": 0.9}]",INVALID_TAXONOMY_GROUP:meio_ambiente_clima | MALFORMED_PROPOSITION_IDENTITY:number=1/year=2026_placeholder | HEURISTIC_TEMPLATE_RATIONALE | NO_MATCH_TO_CURRENT_APPROVED_IMPACT_MATRIX,WITHHOLD_PENDING_EDITORIAL_REVIEW,
78,alrs:disp-e-sobre-a-prioriza-o-de-,alrs,pl,1,2026,Dispõe sobre a priorização de filhos e dependentes de vítimas de feminicídio no acesso a políticas públicas sociais e educacionais no âmbito do Estado do Rio Grande do Sul e dá outras providências.,4,structural,"[{""group"": ""mulheres"", ""impact_direction"": ""positive"", ""defending_vote"": ""sim"", ""confidence"": 0.95}]",MALFORMED_PROPOSITION_IDENTITY:number=1/year=2026_placeholder | HEURISTIC_TEMPLATE_RATIONALE | JUDGMENT_MISMATCH_WITH_CORRECTED_MATRIX | WRONG_SEVERITY:4->3,KEEP_CORRECTED,"{""canonical_key"": ""alrs|pl|163|2025"", ""severity"": 3, ""structural_type"": ""structural"", ""assessments"": [{""group"": ""criancas_adolescentes_vulnerabilidade"", ""impact_direction"": ""positive"", ""defending_vote"": ""sim"", ""confidence"": 0.96}]}"
79,alrs:institui-o-programa-teacolhe-,alrs,pl,1,2026,"Institui o Programa TEAcolhe, no âmbito da Secretaria da Saúde do Estado do Rio Grande do Sul.",3,structural,"[{""group"": ""pessoas_com_deficiencia"", ""impact_direction"": ""positive"", ""defending_vote"": ""sim"", ""confidence"": 0.92}]",MALFORMED_PROPOSITION_IDENTITY:number=1/year=2026_placeholder | HEURISTIC_TEMPLATE_RATIONALE | NO_MATCH_TO_CURRENT_APPROVED_IMPACT_MATRIX,WITHHOLD_PENDING_EDITORIAL_REVIEW,
80,alrs:institui-mecanismo-de-indeniza,alrs,pl,1,2026,Institui mecanismo de indenização automática para consumidores afetados por interrupções no fornecimento de energia elétrica no Estado do Rio Grande do Sul e dá outras providências.,4,structural,"[{""group"": ""meio_ambiente_clima"", ""impact_direction"": ""positive"", ""defending_vote"": ""sim"", ""confidence"": 0.9}]",INVALID_TAXONOMY_GROUP:meio_ambiente_clima | MALFORMED_PROPOSITION_IDENTITY:number=1/year=2026_placeholder | HEURISTIC_TEMPLATE_RATIONALE | NO_MATCH_TO_CURRENT_APPROVED_IMPACT_MATRIX,WITHHOLD_PENDING_EDITORIAL_REVIEW,
81,alrs:altera-os-artigos-2-4-5-e,alrs,pl,1,2026,"Altera os Artigos 2º, 4º, 5º e 7º da Lei Estadual nº 13.540, de 29 de novembro de 2010, que autoriza a concessão de auxílio-refeição no âmbito do Tribunal de Contas do Estado do Rio Grande do Sul e dá outras providências.",4,structural,"[{""group"": ""meio_ambiente_clima"", ""impact_direction"": ""positive"", ""defending_vote"": ""sim"", ""confidence"": 0.9}]",INVALID_TAXONOMY_GROUP:meio_ambiente_clima | MALFORMED_PROPOSITION_IDENTITY:number=1/year=2026_placeholder | HEURISTIC_TEMPLATE_RATIONALE | NO_MATCH_TO_CURRENT_APPROVED_IMPACT_MATRIX,WITHHOLD_PENDING_EDITORIAL_REVIEW,
82,alrs:altera-a-lei-n-13-821-de-25-,alrs,pl,1,2026,"Altera a Lei nº 13.821, de 25 de outubro de 2011, que cria o Quadro de Pessoal dos Serviços Auxiliares da Defensoria Pública do Estado, altera seu Quadro de Cargos em Comissão e Funções Gratificadas e dá outras providências. (SEI 11778-01.00/23-0)",3,structural,"[{""group"": ""servidores_publicos"", ""impact_direction"": ""positive"", ""defending_vote"": ""sim"", ""confidence"": 0.92}]",INVALID_TAXONOMY_GROUP:servidores_publicos | MALFORMED_PROPOSITION_IDENTITY:number=1/year=2026_placeholder | HEURISTIC_TEMPLATE_RATIONALE | NO_MATCH_TO_CURRENT_APPROVED_IMPACT_MATRIX,WITHHOLD_PENDING_EDITORIAL_REVIEW,
83,alrs:altera-a-lei-n-13-253-de-17-,alrs,pl,1,2026,"Altera a Lei nº 13.253, de 17 de setembro de 2009, que institui o plano de Empregos, Funções e Salários da Caixa Estadual S.A. - Agência de Fomento/RS, cria os empregos permanentes e as funções em comissão – e dá outras providências. (SEI 9625-01.00/23-6)",4,structural,"[{""group"": ""meio_ambiente_clima"", ""impact_direction"": ""positive"", ""defending_vote"": ""sim"", ""confidence"": 0.9}]",INVALID_TAXONOMY_GROUP:meio_ambiente_clima | MALFORMED_PROPOSITION_IDENTITY:number=1/year=2026_placeholder | HEURISTIC_TEMPLATE_RATIONALE | NO_MATCH_TO_CURRENT_APPROVED_IMPACT_MATRIX,WITHHOLD_PENDING_EDITORIAL_REVIEW,
84,alrs:altera-a-lei-n-14-279-de-26-,alrs,pl,1,2026,"Altera a Lei nº 14.279, de 26 de julho de 2013, que “institui a Política Estadual de Atendimento Imediato, de Urgência e de Emergência, às Mulheres em Situação de Violência Física, Sexual e Psíquica no Estado do Rio Grande do Sul e dá outras providências”. (SEI 7863.0100/20-5)",4,structural,"[{""group"": ""mulheres"", ""impact_direction"": ""positive"", ""defending_vote"": ""sim"", ""confidence"": 0.95}]",MALFORMED_PROPOSITION_IDENTITY:number=1/year=2026_placeholder | HEURISTIC_TEMPLATE_RATIONALE | WRONG_SEVERITY:4->3,KEEP_CORRECTED,"{""canonical_key"": ""alrs|pl|444|2019"", ""severity"": 3, ""structural_type"": ""structural"", ""assessments"": [{""group"": ""mulheres"", ""impact_direction"": ""positive"", ""defending_vote"": ""sim"", ""confidence"": 0.9}]}"
85,alrs:altera-a-lei-n-16-165-de-31-,alrs,pl,1,2026,"Altera a Lei nº 16.165, de 31 de julho de 2024, que reorganiza os quadros, as carreiras e reajusta as remunerações dos servidores públicos do Poder Executivo do Estado do Rio Grande do Sul, institui o Quadro das Carreiras Transversais de Nível Superior do Poder Executivo do Estado do Rio Grande do Sul e cria as carreiras de Analista de Políticas Públicas e Gestão Governamental, de Especialista em",3,structural,"[{""group"": ""servidores_publicos"", ""impact_direction"": ""positive"", ""defending_vote"": ""sim"", ""confidence"": 0.92}]",INVALID_TAXONOMY_GROUP:servidores_publicos | MALFORMED_PROPOSITION_IDENTITY:number=1/year=2026_placeholder | HEURISTIC_TEMPLATE_RATIONALE | NO_MATCH_TO_CURRENT_APPROVED_IMPACT_MATRIX,WITHHOLD_PENDING_EDITORIAL_REVIEW,
86,alrs:disp-e-sobre-a-gest-o-democr-t,alrs,pl,1,2026,Dispõe sobre a Gestão Democrática do Ensino nas Escolas Públicas Estaduais e dá outras providências. (SEI 16381-01.00/23-6),3,structural,"[{""group"": ""educacao_estudantes"", ""impact_direction"": ""positive"", ""defending_vote"": ""sim"", ""confidence"": 0.9}]",INVALID_TAXONOMY_GROUP:educacao_estudantes | MALFORMED_PROPOSITION_IDENTITY:number=1/year=2026_placeholder | HEURISTIC_TEMPLATE_RATIONALE | NO_MATCH_TO_CURRENT_APPROVED_IMPACT_MATRIX,WITHHOLD_PENDING_EDITORIAL_REVIEW,
87,alrs:disp-e-sobre-a-cria-o-do-carg,alrs,pl,1,2026,"Dispõe sobre a criação do cargo de 4.º Promotor de Justiça da Promotoria de Justiça de Estrela, de Entrância Intermediária - Lei n. 7.669, de 17 de junho de 1982 – Lei Orgânica do Ministério Público do Estado do Rio Grande do Sul.",4,structural,"[{""group"": ""meio_ambiente_clima"", ""impact_direction"": ""positive"", ""defending_vote"": ""sim"", ""confidence"": 0.9}]",INVALID_TAXONOMY_GROUP:meio_ambiente_clima | MALFORMED_PROPOSITION_IDENTITY:number=1/year=2026_placeholder | HEURISTIC_TEMPLATE_RATIONALE | NO_MATCH_TO_CURRENT_APPROVED_IMPACT_MATRIX,WITHHOLD_PENDING_EDITORIAL_REVIEW,
88,alrs:altera-a-lei-n-15-166-de-27-,alrs,pl,1,2026,"Altera a Lei nº 15.166, de 27 de abril de 2018, que institui a Rota Turística Vale do Caí no Estado do Rio Grande do Sul e dá outras providências. (SEI 5128-0100/21-8)",4,structural,"[{""group"": ""meio_ambiente_clima"", ""impact_direction"": ""positive"", ""defending_vote"": ""sim"", ""confidence"": 0.9}]",INVALID_TAXONOMY_GROUP:meio_ambiente_clima | MALFORMED_PROPOSITION_IDENTITY:number=1/year=2026_placeholder | HEURISTIC_TEMPLATE_RATIONALE | NO_MATCH_TO_CURRENT_APPROVED_IMPACT_MATRIX,WITHHOLD_PENDING_EDITORIAL_REVIEW,
89,alrs:altera-a-lei-n-9-434-de-27-,alrs,pl,1,2026,"Altera a Lei n.º 9.434, de 27 de novembro de 1991, que autoriza a extinção da Fundação Gaúcha do Trabalho - FGT e da Fundação SulRiograndense de Assistência ”Senador Tarso Dutra” - FUNDASUL e a criação da Fundação Gaúcha do Trabalho e Ação Social. (SEI 5065-0100/23-5)",4,structural,"[{""group"": ""meio_ambiente_clima"", ""impact_direction"": ""positive"", ""defending_vote"": ""sim"", ""confidence"": 0.9}]",INVALID_TAXONOMY_GROUP:meio_ambiente_clima | MALFORMED_PROPOSITION_IDENTITY:number=1/year=2026_placeholder | HEURISTIC_TEMPLATE_RATIONALE | NO_MATCH_TO_CURRENT_APPROVED_IMPACT_MATRIX,WITHHOLD_PENDING_EDITORIAL_REVIEW,
90,alrs:disp-e-sobre-san-es-administr,alrs,pl,1,2026,"Dispõe sobre sanções administrativas e restrições aplicadas aos ocupantes e invasores de propriedades rurais e urbanas, no âmbito do Estado do Rio Grande do Sul. (SEI 5869-0100/23-1)",3,budgetary,"[{""group"": ""saude_usuarios_sus"", ""impact_direction"": ""positive"", ""defending_vote"": ""sim"", ""confidence"": 0.9}]",INVALID_TAXONOMY_GROUP:saude_usuarios_sus | MALFORMED_PROPOSITION_IDENTITY:number=1/year=2026_placeholder | HEURISTIC_TEMPLATE_RATIONALE | NO_MATCH_TO_CURRENT_APPROVED_IMPACT_MATRIX,WITHHOLD_PENDING_EDITORIAL_REVIEW,
91,alrs:estabelece-as-diretrizes-para-,alrs,pl,1,2026,Estabelece as diretrizes para a política de atenção integral aos portadores da doença de Parkinson no Estado do Rio Grande do Sul. (SEI 7872.0100/20-4),4,structural,"[{""group"": ""meio_ambiente_clima"", ""impact_direction"": ""positive"", ""defending_vote"": ""sim"", ""confidence"": 0.9}]",INVALID_TAXONOMY_GROUP:meio_ambiente_clima | MALFORMED_PROPOSITION_IDENTITY:number=1/year=2026_placeholder | HEURISTIC_TEMPLATE_RATIONALE | NO_MATCH_TO_CURRENT_APPROVED_IMPACT_MATRIX,WITHHOLD_PENDING_EDITORIAL_REVIEW,
92,alrs:disp-e-sobre-o-regulamento-ger,alrs,pl,1,2026,"Dispõe sobre o Regulamento Geral da Assembleia Legislativa do Estado do Rio Grande do Sul, nos termos do art. 267 da Resolução n.º 2.288, de 18 de janeiro de 1991 – Regimento Interno –, e dá outras providências.",4,structural,"[{""group"": ""meio_ambiente_clima"", ""impact_direction"": ""positive"", ""defending_vote"": ""sim"", ""confidence"": 0.9}]",INVALID_TAXONOMY_GROUP:meio_ambiente_clima | MALFORMED_PROPOSITION_IDENTITY:number=1/year=2026_placeholder | HEURISTIC_TEMPLATE_RATIONALE | NO_MATCH_TO_CURRENT_APPROVED_IMPACT_MATRIX,WITHHOLD_PENDING_EDITORIAL_REVIEW,
93,alrs:institui-em-todo-territ-rio-g,alrs,pl,1,2026,"Institui, em todo território gaúcho o selo “PET Friendly” como forma de certificação oficial aos estabelecimentos privados ou públicos que promovam o bem-estar animal e dá outras providências.(SEI 6368-01.00/23-5)",4,structural,"[{""group"": ""meio_ambiente_clima"", ""impact_direction"": ""positive"", ""defending_vote"": ""sim"", ""confidence"": 0.9}]",INVALID_TAXONOMY_GROUP:meio_ambiente_clima | MALFORMED_PROPOSITION_IDENTITY:number=1/year=2026_placeholder | HEURISTIC_TEMPLATE_RATIONALE | NO_MATCH_TO_CURRENT_APPROVED_IMPACT_MATRIX,WITHHOLD_PENDING_EDITORIAL_REVIEW,
94,alrs:disp-e-sobre-a-cria-o-das-def,alrs,pl,1,2026,"Dispõe sobre a criação das Defensorias Públicas Especializadas no Atendimento à Vítima de Violência Doméstica e Feminicídio e dos respectivos Cargos de Defensor Público e de Servidores do Quadro de Pessoal dos Serviços Auxiliares e do Quadro de Cargos em Comissão e Funções Gratificadas da Defensoria Pública do Estado, e dá outras providências. (SEI 15911-0100/23-5)",4,structural,"[{""group"": ""mulheres"", ""impact_direction"": ""positive"", ""defending_vote"": ""sim"", ""confidence"": 0.95}]",MALFORMED_PROPOSITION_IDENTITY:number=1/year=2026_placeholder | HEURISTIC_TEMPLATE_RATIONALE | WRONG_SEVERITY:4->3,KEEP_CORRECTED,"{""canonical_key"": ""alrs|pl|492|2023"", ""severity"": 3, ""structural_type"": ""structural"", ""assessments"": [{""group"": ""mulheres"", ""impact_direction"": ""positive"", ""defending_vote"": ""sim"", ""confidence"": 0.9}]}"
95,alrs:institui-no-mbito-do-poder-e,alrs,pl,1,2026,"Institui, no âmbito do Poder Executivo, o Programa de Segurança, Prevenção e Proteção contra Incêndio das edificações afetadas ao serviço público estadual, especialmente as destinadas ao funcionamento de escolas públicas da rede estadual de ensino, a fim de que obtenham Alvará de Prevenção e Proteção Contra Incêndios – APPCI ou de Certificado de Licenciamento do Corpo de Bombeiros – CLCB, conforme",3,structural,"[{""group"": ""servidores_publicos"", ""impact_direction"": ""positive"", ""defending_vote"": ""sim"", ""confidence"": 0.92}]",INVALID_TAXONOMY_GROUP:servidores_publicos | MALFORMED_PROPOSITION_IDENTITY:number=1/year=2026_placeholder | HEURISTIC_TEMPLATE_RATIONALE | NO_MATCH_TO_CURRENT_APPROVED_IMPACT_MATRIX,WITHHOLD_PENDING_EDITORIAL_REVIEW,
96,alrs:altera-a-lei-n-15-935-de-1-d,alrs,pl,1,2026,"Altera a Lei nº 15.935, de 1 de janeiro de 2023, que institui o Novo Quadro Geral dos Cargos em Comissão e Funções Gratificadas do Poder Executivo, regulamenta a gratificação pelo exercício de direção e device-direção de Escola da Rede Pública Estadual de Ensino, fixa a remuneração mensal dos dirigentes de autarquias, fundações autárquicas, órgãos e entidades especiais, dispõe sobre a equipe de tr",3,structural,"[{""group"": ""educacao_estudantes"", ""impact_direction"": ""positive"", ""defending_vote"": ""sim"", ""confidence"": 0.9}]",INVALID_TAXONOMY_GROUP:educacao_estudantes | MALFORMED_PROPOSITION_IDENTITY:number=1/year=2026_placeholder | HEURISTIC_TEMPLATE_RATIONALE | NO_MATCH_TO_CURRENT_APPROVED_IMPACT_MATRIX,WITHHOLD_PENDING_EDITORIAL_REVIEW,
97,alrs:institui-o-plano-rio-grande-p,alrs,pl,1,2026,"Institui o Plano Rio Grande, programa de Reconstrução, Adaptação e Resiliência Climática do Estado do Rio Grande do Sul, cria o Fundo do Plano Rio Grande - FUNRIGS - e dá outras providências. (Prazo Fatal: 15/06/2024)",4,structural,"[{""group"": ""meio_ambiente_clima"", ""impact_direction"": ""positive"", ""defending_vote"": ""sim"", ""confidence"": 0.9}]",INVALID_TAXONOMY_GROUP:meio_ambiente_clima | MALFORMED_PROPOSITION_IDENTITY:number=1/year=2026_placeholder | HEURISTIC_TEMPLATE_RATIONALE | NO_MATCH_TO_CURRENT_APPROVED_IMPACT_MATRIX,WITHHOLD_PENDING_EDITORIAL_REVIEW,
98,alrs:altera-a-reda-o-da-lei-estadu,alrs,pl,1,2026,"Altera a redação da Lei Estadual n° 9.594 de 20 de março de 1992, que criou o Município de Sério, para fins de corrigir os limites entre os Municípios de Sério e Boqueirão do Leão.(SEI 6916-01.00/23-0)",4,structural,"[{""group"": ""meio_ambiente_clima"", ""impact_direction"": ""positive"", ""defending_vote"": ""sim"", ""confidence"": 0.9}]",INVALID_TAXONOMY_GROUP:meio_ambiente_clima | MALFORMED_PROPOSITION_IDENTITY:number=1/year=2026_placeholder | HEURISTIC_TEMPLATE_RATIONALE | NO_MATCH_TO_CURRENT_APPROVED_IMPACT_MATRIX,WITHHOLD_PENDING_EDITORIAL_REVIEW,
99,alrs:institui-o-dia-estadual-da-pe,alrs,pl,1,2026,Institui o “Dia Estadual da Pessoa Surdocega” no âmbito do Estado do Rio Grande do Sul e dá outras providências.(SEI 5802.0100/20-7),4,structural,"[{""group"": ""meio_ambiente_clima"", ""impact_direction"": ""positive"", ""defending_vote"": ""sim"", ""confidence"": 0.9}]",INVALID_TAXONOMY_GROUP:meio_ambiente_clima | MALFORMED_PROPOSITION_IDENTITY:number=1/year=2026_placeholder | HEURISTIC_TEMPLATE_RATIONALE | NO_MATCH_TO_CURRENT_APPROVED_IMPACT_MATRIX,WITHHOLD_PENDING_EDITORIAL_REVIEW,
100,alrs:cria-o-programa-pr-hospitais-,alrs,pl,1,2026,"Cria o Programa Pró-Hospitais – PPH/RS, no âmbito do Estado do Rio Grande do Sul. (SEI 12686-0100/23-5)",4,structural,"[{""group"": ""meio_ambiente_clima"", ""impact_direction"": ""positive"", ""defending_vote"": ""sim"", ""confidence"": 0.9}]",INVALID_TAXONOMY_GROUP:meio_ambiente_clima | MALFORMED_PROPOSITION_IDENTITY:number=1/year=2026_placeholder | HEURISTIC_TEMPLATE_RATIONALE | NO_MATCH_TO_CURRENT_APPROVED_IMPACT_MATRIX,WITHHOLD_PENDING_EDITORIAL_REVIEW,
101,alrs:regulamenta-a-constitui-o-e-o,alrs,pl,1,2026,"Regulamenta a constituição e o funcionamento do ambiente regulatório experimental, denominado Sandbox Regulatório, no Estado do Rio Grande do Sul. (SEI 7395-0100/23-0)",3,budgetary,"[{""group"": ""saude_usuarios_sus"", ""impact_direction"": ""positive"", ""defending_vote"": ""sim"", ""confidence"": 0.9}]",INVALID_TAXONOMY_GROUP:saude_usuarios_sus | MALFORMED_PROPOSITION_IDENTITY:number=1/year=2026_placeholder | HEURISTIC_TEMPLATE_RATIONALE | NO_MATCH_TO_CURRENT_APPROVED_IMPACT_MATRIX,WITHHOLD_PENDING_EDITORIAL_REVIEW,
102,alrs:altera-a-lei-n-13-697-de-05-,alrs,pl,1,2026,"Altera a Lei nº 13.697, de 05 de abril de 2011, que dá nova redação à Lei n.º 533, de 31 de dezembro de 1948, Estatutos do Instituto Rio Grandense do Arroz, e dá outras providências.",3,structural,"[{""group"": ""servidores_publicos"", ""impact_direction"": ""positive"", ""defending_vote"": ""sim"", ""confidence"": 0.92}]",INVALID_TAXONOMY_GROUP:servidores_publicos | MALFORMED_PROPOSITION_IDENTITY:number=1/year=2026_placeholder | HEURISTIC_TEMPLATE_RATIONALE | NO_MATCH_TO_CURRENT_APPROVED_IMPACT_MATRIX,WITHHOLD_PENDING_EDITORIAL_REVIEW,
103,alrs:disp-e-sobre-o-percentual-m-ni,alrs,pl,1,2026,Dispõe sobre o percentual mínimo de 30% dos recursos aplicados pelo Estado do Rio Grande do Sul na aquisição de produtos da agricultura familiar gaúcha para a alimentação escolar na rede pública estadual de ensino. (SEI 6518-0100/23-2),3,structural,"[{""group"": ""educacao_estudantes"", ""impact_direction"": ""positive"", ""defending_vote"": ""sim"", ""confidence"": 0.9}]",INVALID_TAXONOMY_GROUP:educacao_estudantes | MALFORMED_PROPOSITION_IDENTITY:number=1/year=2026_placeholder | HEURISTIC_TEMPLATE_RATIONALE | NO_MATCH_TO_CURRENT_APPROVED_IMPACT_MATRIX,WITHHOLD_PENDING_EDITORIAL_REVIEW,
104,alrs:altera-a-lei-n-15-366-de-05,alrs,pl,1,2026,"Altera a Lei n.º 15.366, de 05 de novembro de 2019, que proíbe a queima e a soltura de fogos de estampidos e de artifícios, assim como de quaisquer artefatos pirotécnicos festivos de efeito sonoro ruidoso no Estado do Rio Grande do Sul e dá outras providências.(SEI 11446-0100/21-8)",4,structural,"[{""group"": ""meio_ambiente_clima"", ""impact_direction"": ""positive"", ""defending_vote"": ""sim"", ""confidence"": 0.9}]",INVALID_TAXONOMY_GROUP:meio_ambiente_clima | MALFORMED_PROPOSITION_IDENTITY:number=1/year=2026_placeholder | HEURISTIC_TEMPLATE_RATIONALE | NO_MATCH_TO_CURRENT_APPROVED_IMPACT_MATRIX,WITHHOLD_PENDING_EDITORIAL_REVIEW,
105,alrs:disp-e-sobre-a-suspens-o-dos-p,alrs,pl,1,2026,"Dispõe sobre a suspensão dos prazos para interposição de recursos e prática de atos processuais pelas partes e seus advogados no âmbito de processos administrativos, inclusive disciplinares e sindicâncias punitivas, inquéritos e conselhos de justificação e disciplina referentes à apuração e aplicação de sanções disciplinares aos servidores públicos e aos militares estaduais, previstos no regime ún",3,structural,"[{""group"": ""servidores_publicos"", ""impact_direction"": ""positive"", ""defending_vote"": ""sim"", ""confidence"": 0.92}]",INVALID_TAXONOMY_GROUP:servidores_publicos | MALFORMED_PROPOSITION_IDENTITY:number=1/year=2026_placeholder | HEURISTIC_TEMPLATE_RATIONALE | NO_MATCH_TO_CURRENT_APPROVED_IMPACT_MATRIX,WITHHOLD_PENDING_EDITORIAL_REVIEW,
106,alrs:disp-e-sobre-a-garantia-do-dir,alrs,pl,1,2026,"Dispõe sobre a garantia do direito de preferência das mulheres vítimas de violência doméstica à matrícula e à transferência dos filhos, ou de crianças e adolescentes sob sua guarda, nas escolas da Rede Estadual de Ensino do Estado do Rio Grande do Sul. (SEI 4421-0100/21-6)",4,structural,"[{""group"": ""mulheres"", ""impact_direction"": ""positive"", ""defending_vote"": ""sim"", ""confidence"": 0.95}]",MALFORMED_PROPOSITION_IDENTITY:number=1/year=2026_placeholder | HEURISTIC_TEMPLATE_RATIONALE | WRONG_SEVERITY:4->3,KEEP_CORRECTED,"{""canonical_key"": ""alrs|pl|146|2019"", ""severity"": 3, ""structural_type"": ""structural"", ""assessments"": [{""group"": ""mulheres"", ""impact_direction"": ""positive"", ""defending_vote"": ""sim"", ""confidence"": 0.9}]}"
107,alrs:disp-e-sobre-a-regulariza-o-f,alrs,pl,1,2026,Dispõe sobre a regularização fundiária de imóveis rurais utilizados para implementação do Programa Estadual de Reforma Agrária no âmbito do Estado do Rio Grande do Sul.(SEI 10252-01.00/21-5),4,structural,"[{""group"": ""meio_ambiente_clima"", ""impact_direction"": ""positive"", ""defending_vote"": ""sim"", ""confidence"": 0.9}]",INVALID_TAXONOMY_GROUP:meio_ambiente_clima | MALFORMED_PROPOSITION_IDENTITY:number=1/year=2026_placeholder | HEURISTIC_TEMPLATE_RATIONALE | NO_MATCH_TO_CURRENT_APPROVED_IMPACT_MATRIX,WITHHOLD_PENDING_EDITORIAL_REVIEW,
108,alrs:cria-a-pol-tica-estadual-de-ap,alrs,pl,1,2026,"Cria a Política Estadual de Apoio e Fomento ao Desassoreamento de rios, arroios, açudes, lagos, lagoas, lagunas e canais visando à prevenção e minimização dos efeitos e danos causados por enchentes, inundações e alagamentos no território gaúcho, reconhece a atividade de desassoreamento como de relevante interesse social do Estado do Rio Grande do Sul; e dá outras providências.",4,structural,"[{""group"": ""meio_ambiente_clima"", ""impact_direction"": ""positive"", ""defending_vote"": ""sim"", ""confidence"": 0.9}]",INVALID_TAXONOMY_GROUP:meio_ambiente_clima | MALFORMED_PROPOSITION_IDENTITY:number=1/year=2026_placeholder | HEURISTIC_TEMPLATE_RATIONALE | NO_MATCH_TO_CURRENT_APPROVED_IMPACT_MATRIX,WITHHOLD_PENDING_EDITORIAL_REVIEW,
109,alrs:altera-a-lei-n-15-516-de-08-,alrs,pl,1,2026,"Altera a Lei n. 15.516, de 08 de setembro de 2020, que estabelece Plano de Cargos, Carreiras e Salários – PCCS – no Quadro de Pessoal de Provimento Efetivo dos Serviços Auxiliares do Ministério Público do Estado do Rio Grande do Sul e dá outras providências. (SEI 11443-0100/23-6)",3,structural,"[{""group"": ""servidores_publicos"", ""impact_direction"": ""positive"", ""defending_vote"": ""sim"", ""confidence"": 0.92}]",INVALID_TAXONOMY_GROUP:servidores_publicos | MALFORMED_PROPOSITION_IDENTITY:number=1/year=2026_placeholder | HEURISTIC_TEMPLATE_RATIONALE | NO_MATCH_TO_CURRENT_APPROVED_IMPACT_MATRIX,WITHHOLD_PENDING_EDITORIAL_REVIEW,
110,alrs:disp-e-sobre-a-doa-o-de-medic,alrs,pl,1,2026,"Dispõe sobre a doação de medicamentos ao Estado do Rio Grande do Sul por  indústrias farmacêuticas, laboratórios e distribuidoras.(SEI 1721-0100/22-7)",3,budgetary,"[{""group"": ""saude_usuarios_sus"", ""impact_direction"": ""positive"", ""defending_vote"": ""sim"", ""confidence"": 0.9}]",INVALID_TAXONOMY_GROUP:saude_usuarios_sus | MALFORMED_PROPOSITION_IDENTITY:number=1/year=2026_placeholder | HEURISTIC_TEMPLATE_RATIONALE | NO_MATCH_TO_CURRENT_APPROVED_IMPACT_MATRIX,WITHHOLD_PENDING_EDITORIAL_REVIEW,
111,alrs:altera-a-lei-n-14-877-de-9-d,alrs,pl,1,2026,"Altera a Lei nº 14.877, de 9 de junho de 2016, que dispõe sobre a cedência de servidores da área da segurança pública, civis ou militares, e dá outras providências.",3,structural,"[{""group"": ""servidores_publicos"", ""impact_direction"": ""positive"", ""defending_vote"": ""sim"", ""confidence"": 0.92}]",INVALID_TAXONOMY_GROUP:servidores_publicos | MALFORMED_PROPOSITION_IDENTITY:number=1/year=2026_placeholder | HEURISTIC_TEMPLATE_RATIONALE | NO_MATCH_TO_CURRENT_APPROVED_IMPACT_MATRIX,WITHHOLD_PENDING_EDITORIAL_REVIEW,
112,alrs:disp-e-sobre-a-cria-o-de-carg,alrs,pl,1,2026,"Dispõe sobre a criação de cargos de Promotor de Justiça Substituto de Entrância Final, na Lei n. 7.669, de 17 de junho de 1982 – Lei Orgânica do Ministério Público do Estado do Rio Grande do Sul, e dá outras providências.",4,structural,"[{""group"": ""meio_ambiente_clima"", ""impact_direction"": ""positive"", ""defending_vote"": ""sim"", ""confidence"": 0.9}]",INVALID_TAXONOMY_GROUP:meio_ambiente_clima | MALFORMED_PROPOSITION_IDENTITY:number=1/year=2026_placeholder | HEURISTIC_TEMPLATE_RATIONALE | NO_MATCH_TO_CURRENT_APPROVED_IMPACT_MATRIX,WITHHOLD_PENDING_EDITORIAL_REVIEW,
113,alrs:altera-os-anexos-ii-iii-iv-e,alrs,pl,1,2026,"Altera os Anexos II, III, IV e VII da Lei nº 13.268, de 22 de outubro de 2009, que estabelece Plano de Carreira para os servidores do Quadro de Pessoal do Tribunal de Contas do Estado, e dá outras providências. (SEI 13602-0100/23-7)",3,structural,"[{""group"": ""servidores_publicos"", ""impact_direction"": ""positive"", ""defending_vote"": ""sim"", ""confidence"": 0.92}]",INVALID_TAXONOMY_GROUP:servidores_publicos | MALFORMED_PROPOSITION_IDENTITY:number=1/year=2026_placeholder | HEURISTIC_TEMPLATE_RATIONALE | NO_MATCH_TO_CURRENT_APPROVED_IMPACT_MATRIX,WITHHOLD_PENDING_EDITORIAL_REVIEW,
114,alrs:estabelece-normas-de-finan-as-,alrs,pl,1,2026,Estabelece normas de finanças públicas no âmbito do Estado voltadas para a responsabilidade na gestão fiscal com a adoção de mecanismos de limitação do gasto público e de controle e manutenção do equilíbrio das contas públicas.(SEI 9483-0100/21-9),4,structural,"[{""group"": ""meio_ambiente_clima"", ""impact_direction"": ""positive"", ""defending_vote"": ""sim"", ""confidence"": 0.9}]",INVALID_TAXONOMY_GROUP:meio_ambiente_clima | MALFORMED_PROPOSITION_IDENTITY:number=1/year=2026_placeholder | HEURISTIC_TEMPLATE_RATIONALE | NO_MATCH_TO_CURRENT_APPROVED_IMPACT_MATRIX,WITHHOLD_PENDING_EDITORIAL_REVIEW,
115,alrs:altera-a-lei-estadual-n-7-669,alrs,pl,1,2026,"Altera a Lei Estadual n. 7.669, de 17 de junho de 1982 – Lei Orgânica do Ministério Público do Rio Grande do Sul.",4,structural,"[{""group"": ""meio_ambiente_clima"", ""impact_direction"": ""positive"", ""defending_vote"": ""sim"", ""confidence"": 0.9}]",INVALID_TAXONOMY_GROUP:meio_ambiente_clima | MALFORMED_PROPOSITION_IDENTITY:number=1/year=2026_placeholder | HEURISTIC_TEMPLATE_RATIONALE | NO_MATCH_TO_CURRENT_APPROVED_IMPACT_MATRIX,WITHHOLD_PENDING_EDITORIAL_REVIEW,
116,alrs:disp-e-sobre-a-unifica-o-dos-,alrs,pl,1,2026,"Dispõe sobre a unificação dos quadros de pessoal dos servidores efetivos e dos cargos em comissão e funções gratificadas do Poder Judiciário do Estado do Rio Grande do Sul, a instituição do Plano de Carreiras, Cargos, Funções e Remunerações dos Servidores do Poder Judiciário Estadual, e dá outras providências. (SEI 4629-0.100/21-4)",3,structural,"[{""group"": ""servidores_publicos"", ""impact_direction"": ""positive"", ""defending_vote"": ""sim"", ""confidence"": 0.92}]",INVALID_TAXONOMY_GROUP:servidores_publicos | MALFORMED_PROPOSITION_IDENTITY:number=1/year=2026_placeholder | HEURISTIC_TEMPLATE_RATIONALE | NO_MATCH_TO_CURRENT_APPROVED_IMPACT_MATRIX,WITHHOLD_PENDING_EDITORIAL_REVIEW,
117,alrs:altera-a-lei-n-15-764-de-15-,alrs,pl,1,2026,"Altera a Lei n° 15.764, de 15 de dezembro de 2021, que dispõe sobre a Política e o Sistema de Gestão do Patrimônio Imobiliário do Estado, suas autarquias e fundações, institui o Programa Permanente de Aproveitamento e Gestão Eficiente de Imóveis Públicos e dá outras providências. (SEI 9629-0100/23-7)",4,structural,"[{""group"": ""meio_ambiente_clima"", ""impact_direction"": ""positive"", ""defending_vote"": ""sim"", ""confidence"": 0.9}]",INVALID_TAXONOMY_GROUP:meio_ambiente_clima | MALFORMED_PROPOSITION_IDENTITY:number=1/year=2026_placeholder | HEURISTIC_TEMPLATE_RATIONALE | NO_MATCH_TO_CURRENT_APPROVED_IMPACT_MATRIX,WITHHOLD_PENDING_EDITORIAL_REVIEW,
118,alrs:disp-e-sobre-o-estatuto-da-pol,alrs,pl,1,2026,Dispõe sobre o Estatuto da Polícia Penal do Estado do Rio Grande do Sul e dá outras providências.,3,structural,"[{""group"": ""servidores_publicos"", ""impact_direction"": ""positive"", ""defending_vote"": ""sim"", ""confidence"": 0.92}]",INVALID_TAXONOMY_GROUP:servidores_publicos | MALFORMED_PROPOSITION_IDENTITY:number=1/year=2026_placeholder | HEURISTIC_TEMPLATE_RATIONALE | NO_MATCH_TO_CURRENT_APPROVED_IMPACT_MATRIX,WITHHOLD_PENDING_EDITORIAL_REVIEW,
119,alrs:institui-a-campanha-de-valoriz,alrs,pl,1,2026,"Institui a campanha de valorização da vida denominada Setembro Amarelo e o Dia Estadual de Prevenção ao Suicídio, no Estado do Rio Grande do Sul. (SEI 5957.0100/20-8)",4,structural,"[{""group"": ""meio_ambiente_clima"", ""impact_direction"": ""positive"", ""defending_vote"": ""sim"", ""confidence"": 0.9}]",INVALID_TAXONOMY_GROUP:meio_ambiente_clima | MALFORMED_PROPOSITION_IDENTITY:number=1/year=2026_placeholder | HEURISTIC_TEMPLATE_RATIONALE | NO_MATCH_TO_CURRENT_APPROVED_IMPACT_MATRIX,WITHHOLD_PENDING_EDITORIAL_REVIEW,
120,alrs:altera-a-lei-n-13-490-de-21-,alrs,pl,1,2026,"Altera a Lei nº 13.490, de 21 de julho de 2010, que institui o Sistema Estadual Unificado de Apoio e Fomento às Atividades Culturais - PRÓ-CULTURA, e dá outras providências, a Lei nº 14.310, de 30 de setembro de 2013, que institui o Sistema Estadual de Cultura do Estado do Rio Grande do Sul e a Lei nº 15.774, de 21 de dezembro de 2021, que dispõe sobre o Conselho Estadual de Cultura.",4,structural,"[{""group"": ""meio_ambiente_clima"", ""impact_direction"": ""positive"", ""defending_vote"": ""sim"", ""confidence"": 0.9}]",INVALID_TAXONOMY_GROUP:meio_ambiente_clima | MALFORMED_PROPOSITION_IDENTITY:number=1/year=2026_placeholder | HEURISTIC_TEMPLATE_RATIONALE | NO_MATCH_TO_CURRENT_APPROVED_IMPACT_MATRIX,WITHHOLD_PENDING_EDITORIAL_REVIEW,
121,alrs:disp-e-sobre-a-capacita-o-em-,alrs,pl,1,2026,Dispõe sobre a capacitação em noções básicas de primeiros socorros de professores e funcionários de estabelecimentos de ensino públicos e privados de educação básica e de estabelecimentos de recreação infantil. (SEI 4788.0100/20-2),3,structural,"[{""group"": ""educacao_estudantes"", ""impact_direction"": ""positive"", ""defending_vote"": ""sim"", ""confidence"": 0.9}]",INVALID_TAXONOMY_GROUP:educacao_estudantes | MALFORMED_PROPOSITION_IDENTITY:number=1/year=2026_placeholder | HEURISTIC_TEMPLATE_RATIONALE | NO_MATCH_TO_CURRENT_APPROVED_IMPACT_MATRIX,WITHHOLD_PENDING_EDITORIAL_REVIEW,
122,alrs:institui-o-marco-legal-da-educ,alrs,pl,1,2026,"Institui o Marco Legal da Educação Gaúcha, com o objetivo de promover a melhoria sistêmica da qualidade do ensino, em regime de colaboração com os Municípios.(SEI 16378-0100/23-3)",3,structural,"[{""group"": ""educacao_estudantes"", ""impact_direction"": ""positive"", ""defending_vote"": ""sim"", ""confidence"": 0.9}]",INVALID_TAXONOMY_GROUP:educacao_estudantes | MALFORMED_PROPOSITION_IDENTITY:number=1/year=2026_placeholder | HEURISTIC_TEMPLATE_RATIONALE | NO_MATCH_TO_CURRENT_APPROVED_IMPACT_MATRIX,WITHHOLD_PENDING_EDITORIAL_REVIEW,
123,alrs:altera-a-resolu-o-n-2-766-,alrs,pl,1,2026,"Altera a Resolução n.º 2.766, de 11 de maio de 1999, que institui, na Assembleia Legislativa, o evento “Deputado por um Dia” e cria a Sessão Plenária do Estudante.",3,structural,"[{""group"": ""educacao_estudantes"", ""impact_direction"": ""positive"", ""defending_vote"": ""sim"", ""confidence"": 0.9}]",INVALID_TAXONOMY_GROUP:educacao_estudantes | MALFORMED_PROPOSITION_IDENTITY:number=1/year=2026_placeholder | HEURISTIC_TEMPLATE_RATIONALE | NO_MATCH_TO_CURRENT_APPROVED_IMPACT_MATRIX,WITHHOLD_PENDING_EDITORIAL_REVIEW,
124,alrs:disp-e-sobre-o-subs-dio-dos-de,alrs,pl,1,2026,"Dispõe sobre o subsídio dos Deputados Estaduais para a Legislatura de 2023 a 2027, e dá outras providências. (SEI 11647-01.00/22-5)",3,budgetary,"[{""group"": ""servidores_publicos"", ""impact_direction"": ""positive"", ""defending_vote"": ""sim"", ""confidence"": 0.92}]",INVALID_TAXONOMY_GROUP:servidores_publicos | MALFORMED_PROPOSITION_IDENTITY:number=1/year=2026_placeholder | HEURISTIC_TEMPLATE_RATIONALE | NO_MATCH_TO_CURRENT_APPROVED_IMPACT_MATRIX,WITHHOLD_PENDING_EDITORIAL_REVIEW,
125,alrs:disp-e-sobre-o-subs-dio-mensal,alrs,pl,1,2026,Dispõe sobre o subsídio mensal dos Defensores Públicos do Estado do Rio Grande do Sul e dá outras providências. (SEI 10413-0100/22-5),3,budgetary,"[{""group"": ""servidores_publicos"", ""impact_direction"": ""positive"", ""defending_vote"": ""sim"", ""confidence"": 0.92}]",INVALID_TAXONOMY_GROUP:servidores_publicos | MALFORMED_PROPOSITION_IDENTITY:number=1/year=2026_placeholder | HEURISTIC_TEMPLATE_RATIONALE | NO_MATCH_TO_CURRENT_APPROVED_IMPACT_MATRIX,WITHHOLD_PENDING_EDITORIAL_REVIEW,
126,alrs:altera-a-lei-n-10-993-de-18-,alrs,pl,1,2026,"Altera a Lei nº 10.993, de 18 de agosto de 1997, que  fixa o efetivo da Brigada Militar do Estado e dá outras providências. (SEI 16164-0100/23-4)",3,structural,"[{""group"": ""servidores_publicos"", ""impact_direction"": ""positive"", ""defending_vote"": ""sim"", ""confidence"": 0.92}]",INVALID_TAXONOMY_GROUP:servidores_publicos | MALFORMED_PROPOSITION_IDENTITY:number=1/year=2026_placeholder | HEURISTIC_TEMPLATE_RATIONALE | NO_MATCH_TO_CURRENT_APPROVED_IMPACT_MATRIX,WITHHOLD_PENDING_EDITORIAL_REVIEW,
127,alrs:altera-a-lei-n-15-761-de-15-,alrs,pl,1,2026,"Altera a Lei nº 15.761, de 15 de dezembro de 2021, que institui, no âmbito do Poder Executivo, o Programa de Segurança, Prevenção e Proteção contra Incêndio das edificações afetadas ao serviço público estadual, especialmente as destinadas ao funcionamento de escolas públicas da rede estadual de ensino, a fim de que obtenham Alvará de Prevenção e Proteção Contra Incêndios - APPCI - ou de Certificad",3,structural,"[{""group"": ""educacao_estudantes"", ""impact_direction"": ""positive"", ""defending_vote"": ""sim"", ""confidence"": 0.9}]",INVALID_TAXONOMY_GROUP:educacao_estudantes | MALFORMED_PROPOSITION_IDENTITY:number=1/year=2026_placeholder | HEURISTIC_TEMPLATE_RATIONALE | NO_MATCH_TO_CURRENT_APPROVED_IMPACT_MATRIX,WITHHOLD_PENDING_EDITORIAL_REVIEW,
128,alrs:altera-a-lei-n-12-355-de-1-,alrs,pl,1,2026,"Altera a Lei nº 12.355, de 1º de novembro de 2005, que declara integrante do patrimônio cultural, histórico, geográfico, natural, paisagístico e ambiental do Estado do Rio Grande do Sul a Serra do Caverá, localizada nos Municípios de Rosário do Sul, Santana do Livramento, Alegrete e Cacequi.",4,structural,"[{""group"": ""meio_ambiente_clima"", ""impact_direction"": ""positive"", ""defending_vote"": ""sim"", ""confidence"": 0.9}]",INVALID_TAXONOMY_GROUP:meio_ambiente_clima | MALFORMED_PROPOSITION_IDENTITY:number=1/year=2026_placeholder | HEURISTIC_TEMPLATE_RATIONALE | NO_MATCH_TO_CURRENT_APPROVED_IMPACT_MATRIX,WITHHOLD_PENDING_EDITORIAL_REVIEW,
129,alrs:institui-a-rota-das-tropas-n,alrs,pl,1,2026,Institui a “Rota das Tropas” no Estado do Rio Grande do Sul e dá outras providências.(SEI 4970-0.100/21-3),4,structural,"[{""group"": ""meio_ambiente_clima"", ""impact_direction"": ""positive"", ""defending_vote"": ""sim"", ""confidence"": 0.9}]",INVALID_TAXONOMY_GROUP:meio_ambiente_clima | MALFORMED_PROPOSITION_IDENTITY:number=1/year=2026_placeholder | HEURISTIC_TEMPLATE_RATIONALE | NO_MATCH_TO_CURRENT_APPROVED_IMPACT_MATRIX,WITHHOLD_PENDING_EDITORIAL_REVIEW,
130,alrs:altera-a-lei-estadual-15-988-2,alrs,pl,1,2026,"Altera a lei estadual 15.988/2023, para instituir o sistema de monitoramento preditivo de casos de violência contra a mulher no Estado do Rio Grande do Sul e dá outras providências.",4,structural,"[{""group"": ""mulheres"", ""impact_direction"": ""positive"", ""defending_vote"": ""sim"", ""confidence"": 0.95}]",MALFORMED_PROPOSITION_IDENTITY:number=1/year=2026_placeholder | HEURISTIC_TEMPLATE_RATIONALE | WRONG_SEVERITY:4->3 | DUPLICATE_OF_CANONICAL_MATTER,REMOVE_DUPLICATE,"{""canonical_key"": ""alrs|pl|165|2025""}"
131,alrs:institui-o-plano-estadual-do-e,alrs,pl,1,2026,Institui o Plano Estadual do Esporte e Lazer do Rio Grande do Sul. (SEI 8735-0100/21-2),4,structural,"[{""group"": ""meio_ambiente_clima"", ""impact_direction"": ""positive"", ""defending_vote"": ""sim"", ""confidence"": 0.9}]",INVALID_TAXONOMY_GROUP:meio_ambiente_clima | MALFORMED_PROPOSITION_IDENTITY:number=1/year=2026_placeholder | HEURISTIC_TEMPLATE_RATIONALE | NO_MATCH_TO_CURRENT_APPROVED_IMPACT_MATRIX,WITHHOLD_PENDING_EDITORIAL_REVIEW,
132,alrs:altera-a-lei-n-13-320-de-21-,alrs,pl,1,2026,"Altera a Lei n.º 13.320 de 21 de dezembro de 2009, que consolida a legislação relativa à pessoa com deficiência no Estado do Rio Grande do Sul.(SEI 5903-0.100/21-6)(Tramitação conclusiva CECDCT)",3,structural,"[{""group"": ""pessoas_com_deficiencia"", ""impact_direction"": ""positive"", ""defending_vote"": ""sim"", ""confidence"": 0.92}]",MALFORMED_PROPOSITION_IDENTITY:number=1/year=2026_placeholder | HEURISTIC_TEMPLATE_RATIONALE,KEEP_CORRECTED,"{""canonical_key"": ""alrs|pl|222|2021"", ""severity"": 3, ""structural_type"": ""structural"", ""assessments"": [{""group"": ""pessoas_com_deficiencia"", ""impact_direction"": ""positive"", ""defending_vote"": ""sim"", ""confidence"": 0.9}]}"
133,alrs:altera-a-lei-n-15-376-de-27-,alrs,pl,1,2026,"Altera a Lei nº 15.376, de 27 de novembro de 2019, que autoriza o Estado do Rio Grande do Sul a doar, com encargos, imóveis ao Sport Clube Internacional, e dá outras providências. (SEI 11609-0100/22-3)",4,structural,"[{""group"": ""meio_ambiente_clima"", ""impact_direction"": ""positive"", ""defending_vote"": ""sim"", ""confidence"": 0.9}]",INVALID_TAXONOMY_GROUP:meio_ambiente_clima | MALFORMED_PROPOSITION_IDENTITY:number=1/year=2026_placeholder | HEURISTIC_TEMPLATE_RATIONALE | NO_MATCH_TO_CURRENT_APPROVED_IMPACT_MATRIX,WITHHOLD_PENDING_EDITORIAL_REVIEW,
134,alrs:disp-e-sobre-a-cria-o-de-segu,alrs,pl,1,2026,"Dispõe sobre a criação de Segundos Juízos em Juizados da Violência Doméstica e Familiar contra a Mulher, de Juizados da Violência Doméstica e Familiar contra a Mulher, de Juizados em Varas de Execução Criminal Regional, de Juizado em Vara do Júri, da 2ª Vara Criminal da Comarca de Esteio, da Vara Empresarial Regional de Santa Rosa, e dá outras providências. (SEI 6267-0100/22-6)",4,structural,"[{""group"": ""mulheres"", ""impact_direction"": ""positive"", ""defending_vote"": ""sim"", ""confidence"": 0.95}]",MALFORMED_PROPOSITION_IDENTITY:number=1/year=2026_placeholder | HEURISTIC_TEMPLATE_RATIONALE | WRONG_SEVERITY:4->3,KEEP_CORRECTED,"{""canonical_key"": ""alrs|pl|149|2022"", ""severity"": 3, ""structural_type"": ""structural"", ""assessments"": [{""group"": ""mulheres"", ""impact_direction"": ""positive"", ""defending_vote"": ""sim"", ""confidence"": 0.9}]}"
135,alrs:institui-o-dia-do-torcedor-do,alrs,pl,1,2026,Institui o “Dia do Torcedor do Ypiranga de Erechim” no Rio Grande do Sul e dá outras providências.(SEI 5418.0100/20-2),4,structural,"[{""group"": ""meio_ambiente_clima"", ""impact_direction"": ""positive"", ""defending_vote"": ""sim"", ""confidence"": 0.9}]",INVALID_TAXONOMY_GROUP:meio_ambiente_clima | MALFORMED_PROPOSITION_IDENTITY:number=1/year=2026_placeholder | HEURISTIC_TEMPLATE_RATIONALE | NO_MATCH_TO_CURRENT_APPROVED_IMPACT_MATRIX,WITHHOLD_PENDING_EDITORIAL_REVIEW,
136,alrs:disp-e-sobre-a-aquisi-o-de-g-,alrs,pl,1,2026,"Dispõe sobre a aquisição de gêneros alimentícios da agricultura familiar pelos estabelecimentos penitenciários do Estado do Rio Grande do Sul. 
(SEI 4153-0100/20-4)",4,structural,"[{""group"": ""meio_ambiente_clima"", ""impact_direction"": ""positive"", ""defending_vote"": ""sim"", ""confidence"": 0.9}]",INVALID_TAXONOMY_GROUP:meio_ambiente_clima | MALFORMED_PROPOSITION_IDENTITY:number=1/year=2026_placeholder | HEURISTIC_TEMPLATE_RATIONALE | NO_MATCH_TO_CURRENT_APPROVED_IMPACT_MATRIX,WITHHOLD_PENDING_EDITORIAL_REVIEW,
137,alrs:institui-a-pol-tica-de-institu,alrs,pl,1,2026,Institui a Política de Institutos Penais Femininos no Estado do Rio Grande do Sul e dá outras providências.,4,structural,"[{""group"": ""meio_ambiente_clima"", ""impact_direction"": ""positive"", ""defending_vote"": ""sim"", ""confidence"": 0.9}]",INVALID_TAXONOMY_GROUP:meio_ambiente_clima | MALFORMED_PROPOSITION_IDENTITY:number=1/year=2026_placeholder | HEURISTIC_TEMPLATE_RATIONALE | NO_MATCH_TO_CURRENT_APPROVED_IMPACT_MATRIX,WITHHOLD_PENDING_EDITORIAL_REVIEW,
138,alrs:disp-e-sobre-a-justi-a-de-paz-,alrs,pl,1,2026,Dispõe sobre a Justiça de Paz no âmbito do Poder Judiciário do Rio Grande do Sul. (SEI 6562.0100/20-0),4,structural,"[{""group"": ""meio_ambiente_clima"", ""impact_direction"": ""positive"", ""defending_vote"": ""sim"", ""confidence"": 0.9}]",INVALID_TAXONOMY_GROUP:meio_ambiente_clima | MALFORMED_PROPOSITION_IDENTITY:number=1/year=2026_placeholder | HEURISTIC_TEMPLATE_RATIONALE | NO_MATCH_TO_CURRENT_APPROVED_IMPACT_MATRIX,WITHHOLD_PENDING_EDITORIAL_REVIEW,
139,alrs:altera-a-lei-n-10-895-de-26-,alrs,pl,1,2026,"Altera a Lei nº 10.895, de 26 de dezembro de 1996, que institui o Fundo de Fomento Automotivo do Estado do Rio Grande do Sul - FOMENTAR/RS e dá outras providências.(SEI 000010808-01.00/22-0)",4,structural,"[{""group"": ""meio_ambiente_clima"", ""impact_direction"": ""positive"", ""defending_vote"": ""sim"", ""confidence"": 0.9}]",INVALID_TAXONOMY_GROUP:meio_ambiente_clima | MALFORMED_PROPOSITION_IDENTITY:number=1/year=2026_placeholder | HEURISTIC_TEMPLATE_RATIONALE | NO_MATCH_TO_CURRENT_APPROVED_IMPACT_MATRIX,WITHHOLD_PENDING_EDITORIAL_REVIEW,
140,alrs:cria-o-selo-toler-ncia-zero-co,alrs,pl,1,2026,"Cria o Selo Tolerância Zero com Assédio, a ser concedido a estabelecimentos que implementem medidas de proteção a mulheres em situação de risco ou violência sexual. (SEI nº 5064-01.00/23-2)",4,structural,"[{""group"": ""mulheres"", ""impact_direction"": ""positive"", ""defending_vote"": ""sim"", ""confidence"": 0.95}]",MALFORMED_PROPOSITION_IDENTITY:number=1/year=2026_placeholder | HEURISTIC_TEMPLATE_RATIONALE | WRONG_SEVERITY:4->2 | WRONG_STRUCTURAL_TYPE:structural->symbolic | DUPLICATE_OF_CANONICAL_MATTER,REMOVE_DUPLICATE,"{""canonical_key"": ""alrs|pl|134|2023""}"
141,alrs:altera-a-lei-n-14-218-de-08-,alrs,pl,1,2026,"Altera a Lei nº 14.218, de 08 de abril de 2013, que transforma em autarquia a Junta Comercial do Estado do Rio Grande do Sul – JUCERGS -, extingue e cria cargos em comissão e funções gratificadas e dá outras providências. (SEI 15124-0100/23-0)",4,structural,"[{""group"": ""meio_ambiente_clima"", ""impact_direction"": ""positive"", ""defending_vote"": ""sim"", ""confidence"": 0.9}]",INVALID_TAXONOMY_GROUP:meio_ambiente_clima | MALFORMED_PROPOSITION_IDENTITY:number=1/year=2026_placeholder | HEURISTIC_TEMPLATE_RATIONALE | NO_MATCH_TO_CURRENT_APPROVED_IMPACT_MATRIX,WITHHOLD_PENDING_EDITORIAL_REVIEW,
142,alrs:altera-a-lei-n-12-911-de-11-,alrs,pl,1,2026,"Altera a Lei n. 12.911, de 11 de março de 2008, que fixa o subsídio mensal dos membros do Ministério Público do Estado do Rio Grande do Sul, nos termos do art. 37, inciso XI, da Constituição Federal, e dá outras providências. (SEI 4969-01.00/23-2)",3,budgetary,"[{""group"": ""servidores_publicos"", ""impact_direction"": ""positive"", ""defending_vote"": ""sim"", ""confidence"": 0.92}]",INVALID_TAXONOMY_GROUP:servidores_publicos | MALFORMED_PROPOSITION_IDENTITY:number=1/year=2026_placeholder | HEURISTIC_TEMPLATE_RATIONALE | NO_MATCH_TO_CURRENT_APPROVED_IMPACT_MATRIX,WITHHOLD_PENDING_EDITORIAL_REVIEW,
143,alrs:estabelece-pol-tica-estadual-p,alrs,pl,1,2026,Estabelece Política Estadual para o Combate à Violência contra Mulher em Ambiente Universitário.,4,structural,"[{""group"": ""mulheres"", ""impact_direction"": ""positive"", ""defending_vote"": ""sim"", ""confidence"": 0.95}]",MALFORMED_PROPOSITION_IDENTITY:number=1/year=2026_placeholder | HEURISTIC_TEMPLATE_RATIONALE | WRONG_SEVERITY:4->3,KEEP_CORRECTED,"{""canonical_key"": ""alrs|pl|99|2024"", ""severity"": 3, ""structural_type"": ""structural"", ""assessments"": [{""group"": ""mulheres"", ""impact_direction"": ""positive"", ""defending_vote"": ""sim"", ""confidence"": 0.9}]}"
144,alrs:institui-aux-lio-para-situa-e,alrs,pl,1,2026,Institui auxílio para situações de calamidade ou emergência destinado à população do Estado do Rio Grande do Sul vítima das contingências decorrentes de eventos climáticos.(SEI 11331-0100/23-0),4,structural,"[{""group"": ""meio_ambiente_clima"", ""impact_direction"": ""positive"", ""defending_vote"": ""sim"", ""confidence"": 0.9}]",INVALID_TAXONOMY_GROUP:meio_ambiente_clima | MALFORMED_PROPOSITION_IDENTITY:number=1/year=2026_placeholder | HEURISTIC_TEMPLATE_RATIONALE | NO_MATCH_TO_CURRENT_APPROVED_IMPACT_MATRIX,WITHHOLD_PENDING_EDITORIAL_REVIEW,
145,alrs:disp-e-sobre-a-revis-o-geral-a,alrs,pl,1,2026,"Dispõe sobre a revisão geral anual, de que trata o inciso X do art. 37 da Constituição Federal, das remunerações e subsídios dos servidores públicos dos Poderes Executivo, Legislativo e Judiciário, do Ministério Público, do Tribunal de Contas e da Defensoria Pública do Estado, das autarquias e fundações públicas estaduais, bem como dos proventos de inatividade e pensões. (SEI 3515-0100/22-4)",3,budgetary,"[{""group"": ""servidores_publicos"", ""impact_direction"": ""positive"", ""defending_vote"": ""sim"", ""confidence"": 0.92}]",INVALID_TAXONOMY_GROUP:servidores_publicos | MALFORMED_PROPOSITION_IDENTITY:number=1/year=2026_placeholder | HEURISTIC_TEMPLATE_RATIONALE | NO_MATCH_TO_CURRENT_APPROVED_IMPACT_MATRIX,WITHHOLD_PENDING_EDITORIAL_REVIEW,
146,alrs:institui-o-programa-todo-jove,alrs,pl,1,2026,Institui o Programa “Todo Jovem na Escola” e dispõe sobre o pagamento de Bolsa Auxílio de Permanência Estudantil. (SEI 9486-0100/21-7),4,structural,"[{""group"": ""criancas_adolescentes_vulnerabilidade"", ""impact_direction"": ""positive"", ""defending_vote"": ""sim"", ""confidence"": 0.95}]",MALFORMED_PROPOSITION_IDENTITY:number=1/year=2026_placeholder | HEURISTIC_TEMPLATE_RATIONALE | NO_MATCH_TO_CURRENT_APPROVED_IMPACT_MATRIX,WITHHOLD_PENDING_EDITORIAL_REVIEW,
147,alrs:institui-o-sistema-de-alerta-s,alrs,pl,1,2026,Institui o Sistema de Alerta Sonoro Contra Inundações no Estado do Rio Grande do Sul. (SEI 14291-01.00/23-5),4,structural,"[{""group"": ""meio_ambiente_clima"", ""impact_direction"": ""positive"", ""defending_vote"": ""sim"", ""confidence"": 0.9}]",INVALID_TAXONOMY_GROUP:meio_ambiente_clima | MALFORMED_PROPOSITION_IDENTITY:number=1/year=2026_placeholder | HEURISTIC_TEMPLATE_RATIONALE | NO_MATCH_TO_CURRENT_APPROVED_IMPACT_MATRIX,WITHHOLD_PENDING_EDITORIAL_REVIEW,
148,alrs:disp-e-sobre-a-instala-o-de-d,alrs,pl,1,2026,Dispõe sobre a instalação de dispositivos de captura de dados audiovisuais e georreferenciados nas viaturas e uniformes de servidores das áreas da segurança pública - Lei Gustavo Amaral.(SEI 6028-01.00/20-9),3,structural,"[{""group"": ""servidores_publicos"", ""impact_direction"": ""positive"", ""defending_vote"": ""sim"", ""confidence"": 0.92}]",INVALID_TAXONOMY_GROUP:servidores_publicos | MALFORMED_PROPOSITION_IDENTITY:number=1/year=2026_placeholder | HEURISTIC_TEMPLATE_RATIONALE | NO_MATCH_TO_CURRENT_APPROVED_IMPACT_MATRIX,WITHHOLD_PENDING_EDITORIAL_REVIEW,
149,alrs:disp-e-sobre-o-fluxo-de-empr-s,alrs,pl,1,2026,"Dispõe sobre o fluxo de empréstimo, permuta e doação de medicamentos e fórmulas nutricionais entre Estado, Municípios e estabelecimentos de saúde no âmbito do Estado do Rio Grande do Sul e dá outras providências. (SEI 5622-0100/21-2)",3,budgetary,"[{""group"": ""saude_usuarios_sus"", ""impact_direction"": ""positive"", ""defending_vote"": ""sim"", ""confidence"": 0.9}]",INVALID_TAXONOMY_GROUP:saude_usuarios_sus | MALFORMED_PROPOSITION_IDENTITY:number=1/year=2026_placeholder | HEURISTIC_TEMPLATE_RATIONALE | NO_MATCH_TO_CURRENT_APPROVED_IMPACT_MATRIX,WITHHOLD_PENDING_EDITORIAL_REVIEW,
150,alrs:altera-os-subs-dios-mensais-do,alrs,pl,1,2026,"Altera os subsídios mensais dos Conselheiros e Auditores Substitutos de Conselheiro do Tribunal de Contas do Estado, bem como dos Procuradores do Ministério Público junto ao Tribunal de Contas do Estado.(SEI 5174-0100/23-2)",3,budgetary,"[{""group"": ""servidores_publicos"", ""impact_direction"": ""positive"", ""defending_vote"": ""sim"", ""confidence"": 0.92}]",INVALID_TAXONOMY_GROUP:servidores_publicos | MALFORMED_PROPOSITION_IDENTITY:number=1/year=2026_placeholder | HEURISTIC_TEMPLATE_RATIONALE | NO_MATCH_TO_CURRENT_APPROVED_IMPACT_MATRIX,WITHHOLD_PENDING_EDITORIAL_REVIEW,
151,alrs:cria-a-rota-da-liberdade-do-es,alrs,pl,1,2026,Cria a Rota da Liberdade do Estado do Rio Grande do Sul e a reconhece como de relevante interesse cultural imaterial do Estado do Rio Grande do Sul.,4,structural,"[{""group"": ""meio_ambiente_clima"", ""impact_direction"": ""positive"", ""defending_vote"": ""sim"", ""confidence"": 0.9}]",INVALID_TAXONOMY_GROUP:meio_ambiente_clima | MALFORMED_PROPOSITION_IDENTITY:number=1/year=2026_placeholder | HEURISTIC_TEMPLATE_RATIONALE | NO_MATCH_TO_CURRENT_APPROVED_IMPACT_MATRIX,WITHHOLD_PENDING_EDITORIAL_REVIEW,
152,alrs:altera-a-resolu-o-n-2-872-,alrs,pl,1,2026,"Altera a Resolução n.º 2.872, de 18 de junho de 2002, que dispõe sobre o Quadro de Pessoal da Assembleia Legislativa de que trata a Lei nº 6.491, de 20 de dezembro de 1972, e alterações, institui as cédulas de identidade parlamentar e funcional e dá outras providências.",3,structural,"[{""group"": ""servidores_publicos"", ""impact_direction"": ""positive"", ""defending_vote"": ""sim"", ""confidence"": 0.92}]",INVALID_TAXONOMY_GROUP:servidores_publicos | MALFORMED_PROPOSITION_IDENTITY:number=1/year=2026_placeholder | HEURISTIC_TEMPLATE_RATIONALE | NO_MATCH_TO_CURRENT_APPROVED_IMPACT_MATRIX,WITHHOLD_PENDING_EDITORIAL_REVIEW,
153,alrs:altera-a-lei-n-13-678-de-17-,alrs,pl,1,2026,"Altera a Lei nº 13.678, de 17 de janeiro de 2011, que dispõe sobre o patrimônio cultural imaterial do Estado do Rio Grande do Sul e dá outras providências.(SEI 3926-0100/21-3)",4,structural,"[{""group"": ""meio_ambiente_clima"", ""impact_direction"": ""positive"", ""defending_vote"": ""sim"", ""confidence"": 0.9}]",INVALID_TAXONOMY_GROUP:meio_ambiente_clima | MALFORMED_PROPOSITION_IDENTITY:number=1/year=2026_placeholder | HEURISTIC_TEMPLATE_RATIONALE | NO_MATCH_TO_CURRENT_APPROVED_IMPACT_MATRIX,WITHHOLD_PENDING_EDITORIAL_REVIEW,
154,alrs:disp-e-sobre-a-estrutura-admin,alrs,pl,1,2026,Dispõe sobre a estrutura administrativa e diretrizes do Poder Executivo do Estado do Rio Grande do Sul e dá outras providências. (SEI 11615-0100/22-4),4,structural,"[{""group"": ""meio_ambiente_clima"", ""impact_direction"": ""positive"", ""defending_vote"": ""sim"", ""confidence"": 0.9}]",INVALID_TAXONOMY_GROUP:meio_ambiente_clima | MALFORMED_PROPOSITION_IDENTITY:number=1/year=2026_placeholder | HEURISTIC_TEMPLATE_RATIONALE | NO_MATCH_TO_CURRENT_APPROVED_IMPACT_MATRIX,WITHHOLD_PENDING_EDITORIAL_REVIEW,
155,alrs:disp-e-sobre-incentivos-pesq,alrs,pl,1,2026,"Dispõe sobre incentivos à pesquisa, ao desenvolvimento científico e tecnológico e à inovação no âmbito produtivo do Estado do Rio Grande do Sul e institui o Sistema Estadual de Ciência, Tecnologia e Inovação, e dá outras providências. (SEI 7345-0100/20-6)",4,structural,"[{""group"": ""meio_ambiente_clima"", ""impact_direction"": ""positive"", ""defending_vote"": ""sim"", ""confidence"": 0.9}]",INVALID_TAXONOMY_GROUP:meio_ambiente_clima | MALFORMED_PROPOSITION_IDENTITY:number=1/year=2026_placeholder | HEURISTIC_TEMPLATE_RATIONALE | NO_MATCH_TO_CURRENT_APPROVED_IMPACT_MATRIX,WITHHOLD_PENDING_EDITORIAL_REVIEW,
156,alrs:altera-a-lei-n-14-634-de-15-,alrs,pl,1,2026,"Altera a Lei nº 14.634, de 15 de dezembro de 2014, que instituiu a Taxa Única de Serviços Judiciais; a Lei nº 9.896, de 9 de junho de 1993, que criou os Juizados Regionais da Infância e Juventude; a Lei nº 7.356, de 1º de fevereiro de 1980, que dispõe sobre o Código de Organização Judiciária do Estado; e a Lei nº 9.442, de 3 de dezembro de 1991, que dispõe sobre a composição do Sistema Estadual do",4,structural,"[{""group"": ""criancas_adolescentes_vulnerabilidade"", ""impact_direction"": ""positive"", ""defending_vote"": ""sim"", ""confidence"": 0.95}]",MALFORMED_PROPOSITION_IDENTITY:number=1/year=2026_placeholder | HEURISTIC_TEMPLATE_RATIONALE | NO_MATCH_TO_CURRENT_APPROVED_IMPACT_MATRIX,WITHHOLD_PENDING_EDITORIAL_REVIEW,
157,alrs:disp-e-sobre-o-fundo-opera-o-,alrs,pl,1,2026,"Dispõe sobre o Fundo Operação Empresa do Estado Do Rio Grande do Sul – FUNDOPEM/RS, e sobre o Programa de Harmonização do Desenvolvimento Industrial do Rio Grande do Sul – INTEGRAR/RS.(SEI 3397-0.100/21-0)",4,structural,"[{""group"": ""meio_ambiente_clima"", ""impact_direction"": ""positive"", ""defending_vote"": ""sim"", ""confidence"": 0.9}]",INVALID_TAXONOMY_GROUP:meio_ambiente_clima | MALFORMED_PROPOSITION_IDENTITY:number=1/year=2026_placeholder | HEURISTIC_TEMPLATE_RATIONALE | NO_MATCH_TO_CURRENT_APPROVED_IMPACT_MATRIX,WITHHOLD_PENDING_EDITORIAL_REVIEW,
158,alrs:institui-o-novo-quadro-geral-d,alrs,pl,1,2026,"Institui o Novo Quadro Geral dos Cargos em Comissão e Funções Gratificadas do Poder Executivo, regulamenta a gratificação pelo exercício de direção e de vice-direção de Escola da Rede Pública Estadual de Ensino, fixa a remuneração mensal dos dirigentes de autarquias, fundações autárquicas, órgãos e entidades especiais, dispõe sobre a equipe de transição do candidato eleito para o cargo de governad",3,structural,"[{""group"": ""educacao_estudantes"", ""impact_direction"": ""positive"", ""defending_vote"": ""sim"", ""confidence"": 0.9}]",INVALID_TAXONOMY_GROUP:educacao_estudantes | MALFORMED_PROPOSITION_IDENTITY:number=1/year=2026_placeholder | HEURISTIC_TEMPLATE_RATIONALE | NO_MATCH_TO_CURRENT_APPROVED_IMPACT_MATRIX,WITHHOLD_PENDING_EDITORIAL_REVIEW,
159,alrs:institui-ao-pol-tica-estadual-,alrs,pl,1,2026,"Institui ao Política Estadual de Saúde Integral da População Negra, e dá outras providências.(SEI 11862-01.00/23-0)",3,budgetary,"[{""group"": ""saude_usuarios_sus"", ""impact_direction"": ""positive"", ""defending_vote"": ""sim"", ""confidence"": 0.9}]",INVALID_TAXONOMY_GROUP:saude_usuarios_sus | MALFORMED_PROPOSITION_IDENTITY:number=1/year=2026_placeholder | HEURISTIC_TEMPLATE_RATIONALE | JUDGMENT_MISMATCH_WITH_CORRECTED_MATRIX | WRONG_STRUCTURAL_TYPE:budgetary->structural,KEEP_CORRECTED,"{""canonical_key"": ""alrs|pl|338|2023"", ""severity"": 3, ""structural_type"": ""structural"", ""assessments"": [{""group"": ""populacao_negra_periferica"", ""impact_direction"": ""positive"", ""defending_vote"": ""sim"", ""confidence"": 0.9}]}"
160,alrs:altera-a-resolu-o-n-3-137-,alrs,pl,1,2026,"Altera a Resolução n.º 3.137, de 17 de julho de 2015, que institui o Regulamento Geral da Assembleia Legislativa do Estado do Rio Grande do Sul, e dá outras providências. (SEI 4085-0100/21-5)",4,structural,"[{""group"": ""meio_ambiente_clima"", ""impact_direction"": ""positive"", ""defending_vote"": ""sim"", ""confidence"": 0.9}]",INVALID_TAXONOMY_GROUP:meio_ambiente_clima | MALFORMED_PROPOSITION_IDENTITY:number=1/year=2026_placeholder | HEURISTIC_TEMPLATE_RATIONALE | NO_MATCH_TO_CURRENT_APPROVED_IMPACT_MATRIX,WITHHOLD_PENDING_EDITORIAL_REVIEW,
161,alrs:altera-a-lei-n-15-737-de-30-,alrs,pl,1,2026,"Altera a Lei nº 15.737, de 30 de novembro de 2021, que dispõe sobre a unificação dos quadros de pessoal dos servidores do Poder Judiciário do Estado do Rio Grande do Sul, e dá outras providências.",3,structural,"[{""group"": ""servidores_publicos"", ""impact_direction"": ""positive"", ""defending_vote"": ""sim"", ""confidence"": 0.92}]",INVALID_TAXONOMY_GROUP:servidores_publicos | MALFORMED_PROPOSITION_IDENTITY:number=1/year=2026_placeholder | HEURISTIC_TEMPLATE_RATIONALE | NO_MATCH_TO_CURRENT_APPROVED_IMPACT_MATRIX,WITHHOLD_PENDING_EDITORIAL_REVIEW,
162,alrs:disp-e-sobre-a-classifica-o-d,alrs,pl,1,2026,Dispõe sobre a classificação do tabaco nas propriedades dos agricultores produtores no âmbito do Estado do Rio Grande do Sul. (SEI 8894-0100/21-9),4,structural,"[{""group"": ""meio_ambiente_clima"", ""impact_direction"": ""positive"", ""defending_vote"": ""sim"", ""confidence"": 0.9}]",INVALID_TAXONOMY_GROUP:meio_ambiente_clima | MALFORMED_PROPOSITION_IDENTITY:number=1/year=2026_placeholder | HEURISTIC_TEMPLATE_RATIONALE | NO_MATCH_TO_CURRENT_APPROVED_IMPACT_MATRIX,WITHHOLD_PENDING_EDITORIAL_REVIEW,
163,alrs:disp-e-sobre-a-transforma-o-d,alrs,pl,1,2026,"Dispõe sobre a transformação de cargos de Promotor de Justiça Substituto de Entrância Inicial e Intermediária, na Lei Estadual n.º 7.669, de 17 de junho de 1982 – Lei Orgânica do Ministério Público do Rio Grande do Sul -, bem como criação de cargos no Quadro de Pessoal de Provimento Efetivo e no Quadro de Cargos em Comissão e Funções Gratificadas da Procuradoria-Geral de Justiça - Serviços Auxilia",3,structural,"[{""group"": ""servidores_publicos"", ""impact_direction"": ""positive"", ""defending_vote"": ""sim"", ""confidence"": 0.92}]",INVALID_TAXONOMY_GROUP:servidores_publicos | MALFORMED_PROPOSITION_IDENTITY:number=1/year=2026_placeholder | HEURISTIC_TEMPLATE_RATIONALE | NO_MATCH_TO_CURRENT_APPROVED_IMPACT_MATRIX,WITHHOLD_PENDING_EDITORIAL_REVIEW,
164,alrs:altera-a-lei-n-14-352-de-18-,alrs,pl,1,2026,"Altera a Lei nº 14.352, de 18 de novembro de 2013, que dispõe sobre a Política Estadual de Atendimento Integrado às Mulheres Vítimas de Violência.(SEI 5122-0100/21-1)",4,structural,"[{""group"": ""mulheres"", ""impact_direction"": ""positive"", ""defending_vote"": ""sim"", ""confidence"": 0.95}]",MALFORMED_PROPOSITION_IDENTITY:number=1/year=2026_placeholder | HEURISTIC_TEMPLATE_RATIONALE | WRONG_SEVERITY:4->3,KEEP_CORRECTED,"{""canonical_key"": ""alrs|pl|305|2019"", ""severity"": 3, ""structural_type"": ""structural"", ""assessments"": [{""group"": ""mulheres"", ""impact_direction"": ""positive"", ""defending_vote"": ""sim"", ""confidence"": 0.9}]}"
165,alrs:disp-e-sobre-a-concess-o-de-bo,alrs,pl,1,2026,"Dispõe sobre a concessão de bolsa de estudos de ensino superior aos dependentes legais dos servidores militares e dos servidores integrantes dos quadros da Polícia Civil, do Instituto-Geral de Perícias e da Polícia Penal, em caso de promoção extraordinária “post-mortem”, chamada Lei Sargento Fabiano.",3,structural,"[{""group"": ""servidores_publicos"", ""impact_direction"": ""positive"", ""defending_vote"": ""sim"", ""confidence"": 0.92}]",INVALID_TAXONOMY_GROUP:servidores_publicos | MALFORMED_PROPOSITION_IDENTITY:number=1/year=2026_placeholder | HEURISTIC_TEMPLATE_RATIONALE | NO_MATCH_TO_CURRENT_APPROVED_IMPACT_MATRIX,WITHHOLD_PENDING_EDITORIAL_REVIEW,
166,alrs:cria-o-programa-estadual-de-na,alrs,pl,1,2026,Cria o Programa Estadual de Navegação de Pacientes para Pessoas com Neoplasia Maligna de Mama no Estado do Rio Grande do Sul e dá outras providências.(SEI 13013-0100/23-2),4,structural,"[{""group"": ""meio_ambiente_clima"", ""impact_direction"": ""positive"", ""defending_vote"": ""sim"", ""confidence"": 0.9}]",INVALID_TAXONOMY_GROUP:meio_ambiente_clima | MALFORMED_PROPOSITION_IDENTITY:number=1/year=2026_placeholder | HEURISTIC_TEMPLATE_RATIONALE | NO_MATCH_TO_CURRENT_APPROVED_IMPACT_MATRIX,WITHHOLD_PENDING_EDITORIAL_REVIEW,
167,alrs:cria-a-unidade-regional-de-san,alrs,pl,1,2026,"Cria a Unidade Regional de Saneamento Básico 1 – URSB 1 e a Unidade Regional de Saneamento Básico 2 – URSB 2, com fundamento no disposto na alínea “b” do inciso VI do art. 3º da Lei Federal nº 11.445, de 5 de janeiro de 2007, com a redação dada pela Lei Federal nº 14.026, de 15 de julho de 2020, com o objetivo de propiciar viabilidade técnica e econômico-financeira ao bloco e garantir, mediante a",4,structural,"[{""group"": ""meio_ambiente_clima"", ""impact_direction"": ""positive"", ""defending_vote"": ""sim"", ""confidence"": 0.9}]",INVALID_TAXONOMY_GROUP:meio_ambiente_clima | MALFORMED_PROPOSITION_IDENTITY:number=1/year=2026_placeholder | HEURISTIC_TEMPLATE_RATIONALE | NO_MATCH_TO_CURRENT_APPROVED_IMPACT_MATRIX,WITHHOLD_PENDING_EDITORIAL_REVIEW,
168,alrs:altera-a-lei-n-15-934-de-1-,alrs,pl,1,2026,"Altera a Lei nº 15.934, de 1º de janeiro de 2023, que dispõe sobre a estrutura administrativa e diretrizes do Poder Executivo do Estado do Rio Grande do Sul e a Lei nº 15.935, de 1º de janeiro de 2023, que institui o Novo Quadro Geral dos Cargos em Comissão e Funções Gratificadas do Poder Executivo, regulamenta a gratificação pelo exercício de direção e de vice-direção de Escola da Rede Pública Es",3,structural,"[{""group"": ""educacao_estudantes"", ""impact_direction"": ""positive"", ""defending_vote"": ""sim"", ""confidence"": 0.9}]",INVALID_TAXONOMY_GROUP:educacao_estudantes | MALFORMED_PROPOSITION_IDENTITY:number=1/year=2026_placeholder | HEURISTIC_TEMPLATE_RATIONALE | NO_MATCH_TO_CURRENT_APPROVED_IMPACT_MATRIX,WITHHOLD_PENDING_EDITORIAL_REVIEW,
169,alrs:disp-e-sobre-o-direito-das-mul,alrs,pl,1,2026,Dispõe sobre o direito das mulheres a acompanhante em procedimentos de saúde nos estabelecimentos públicos e privados do Estado do Rio Grande do Sul. (SEI 3146-0100/23-8),3,structural,"[{""group"": ""mulheres"", ""impact_direction"": ""positive"", ""defending_vote"": ""sim"", ""confidence"": 0.95}]",MALFORMED_PROPOSITION_IDENTITY:number=1/year=2026_placeholder | HEURISTIC_TEMPLATE_RATIONALE | WRONG_SEVERITY:3->2 | DUPLICATE_OF_CANONICAL_MATTER,REMOVE_DUPLICATE,"{""canonical_key"": ""alrs|pl|2|2023""}"
170,alrs:institui-no-estado-do-rio-gran,alrs,pl,1,2026,"Institui no Estado do Rio Grande do Sul o Programa de Cooperação e Código Sinal Vermelho, como forma de pedido de socorro e ajuda para mulheres em situação de violência doméstica ou familiar, medida de combate e prevenção à violência doméstica, conforme a Lei Federal nº 11.340, de 7 de agosto de 2006. (SEI 2233-0100/21-2)",4,structural,"[{""group"": ""mulheres"", ""impact_direction"": ""positive"", ""defending_vote"": ""sim"", ""confidence"": 0.95}]",MALFORMED_PROPOSITION_IDENTITY:number=1/year=2026_placeholder | HEURISTIC_TEMPLATE_RATIONALE | WRONG_SEVERITY:4->3,KEEP_CORRECTED,"{""canonical_key"": ""alrs|pl|45|2021"", ""severity"": 3, ""structural_type"": ""structural"", ""assessments"": [{""group"": ""mulheres"", ""impact_direction"": ""positive"", ""defending_vote"": ""sim"", ""confidence"": 0.9}]}"
171,alrs:disp-e-sobre-a-cria-o-da-defe,alrs,pl,1,2026,"Dispõe sobre a criação da Defensoria Pública Regional de Arroio Grande, da Defensoria Pública Regional de Herval, da Defensoria Pública Regional de Pedro Osório, da Defensoria Pública Regional de Pinheiro Machado e da Defensoria Pública Regional de Piratini e dos respectivos cargos de Defensor Público e de servidores do Quadro de Pessoal dos Serviços Auxiliares e do Quadro de Cargos em Comissão e",3,structural,"[{""group"": ""servidores_publicos"", ""impact_direction"": ""positive"", ""defending_vote"": ""sim"", ""confidence"": 0.92}]",INVALID_TAXONOMY_GROUP:servidores_publicos | MALFORMED_PROPOSITION_IDENTITY:number=1/year=2026_placeholder | HEURISTIC_TEMPLATE_RATIONALE | NO_MATCH_TO_CURRENT_APPROVED_IMPACT_MATRIX,WITHHOLD_PENDING_EDITORIAL_REVIEW,
172,alrs:cria-o-fundo-estadual-de-quali,alrs,pl,1,2026,"Cria o Fundo Estadual de Qualificação e Trabalho do Rio Grande do Sul - FEQUAT/RS, o Conselho Estadual de Qualificação e Trabalho do Rio Grande do Sul - CEQUAT/RS e altera a Lei nº 14.040, de 06 de julho de 2012, que institui o Fundo Estadual de Apoio à Inclusão Social e Produtiva – FEAISP.",4,structural,"[{""group"": ""meio_ambiente_clima"", ""impact_direction"": ""positive"", ""defending_vote"": ""sim"", ""confidence"": 0.9}]",INVALID_TAXONOMY_GROUP:meio_ambiente_clima | MALFORMED_PROPOSITION_IDENTITY:number=1/year=2026_placeholder | HEURISTIC_TEMPLATE_RATIONALE | NO_MATCH_TO_CURRENT_APPROVED_IMPACT_MATRIX,WITHHOLD_PENDING_EDITORIAL_REVIEW,
173,alrs:disp-e-sobre-a-pol-tica-e-o-si,alrs,pl,1,2026,"Dispõe sobre a Política e o Sistema de Gestão do Patrimônio Imobiliário do Estado, suas autarquias e fundações, institui o Programa Permanente de Aproveitamento e Gestão Eficiente de Imóveis Públicos e dá outras providências. (SEI 9639-0.100/21-2)",4,structural,"[{""group"": ""meio_ambiente_clima"", ""impact_direction"": ""positive"", ""defending_vote"": ""sim"", ""confidence"": 0.9}]",INVALID_TAXONOMY_GROUP:meio_ambiente_clima | MALFORMED_PROPOSITION_IDENTITY:number=1/year=2026_placeholder | HEURISTIC_TEMPLATE_RATIONALE | NO_MATCH_TO_CURRENT_APPROVED_IMPACT_MATRIX,WITHHOLD_PENDING_EDITORIAL_REVIEW,
174,alrs:institui-o-programa-polinizar,alrs,pl,1,2026,Institui o Programa ”Polinizar Cidades” no Estado do Rio Grande do Sul. (SEI 16604-01.00/23-4),4,structural,"[{""group"": ""meio_ambiente_clima"", ""impact_direction"": ""positive"", ""defending_vote"": ""sim"", ""confidence"": 0.9}]",INVALID_TAXONOMY_GROUP:meio_ambiente_clima | MALFORMED_PROPOSITION_IDENTITY:number=1/year=2026_placeholder | HEURISTIC_TEMPLATE_RATIONALE | NO_MATCH_TO_CURRENT_APPROVED_IMPACT_MATRIX,WITHHOLD_PENDING_EDITORIAL_REVIEW,
175,alrs:altera-disposi-es-da-lei-n-7,alrs,pl,1,2026,"Altera disposições da Lei nº 7.669, de 17 de junho de 1982 – Lei Orgânica do Ministério Público do Estado do Rio Grande do Sul, e dá outras providências. (SEI 
4852-0100/21-7)",4,structural,"[{""group"": ""meio_ambiente_clima"", ""impact_direction"": ""positive"", ""defending_vote"": ""sim"", ""confidence"": 0.9}]",INVALID_TAXONOMY_GROUP:meio_ambiente_clima | MALFORMED_PROPOSITION_IDENTITY:number=1/year=2026_placeholder | HEURISTIC_TEMPLATE_RATIONALE | NO_MATCH_TO_CURRENT_APPROVED_IMPACT_MATRIX,WITHHOLD_PENDING_EDITORIAL_REVIEW,
176,alrs:disp-e-sobre-a-vac-ncia-dos-ca,alrs,pl,1,2026,"Dispõe sobre a vacância dos cargos de Delegado de Polícia da 4ª Classe, de Comissário de Polícia e de Comissário de Investigação Policial cujos ocupantes preencherem a totalidade dos requisitos para aposentadoria especial voluntária, na forma da Lei Complementar n° 15.453/2020, e permanecerem no serviço ativo, para fins de promoção na carreira.",3,structural,"[{""group"": ""servidores_publicos"", ""impact_direction"": ""positive"", ""defending_vote"": ""sim"", ""confidence"": 0.92}]",INVALID_TAXONOMY_GROUP:servidores_publicos | MALFORMED_PROPOSITION_IDENTITY:number=1/year=2026_placeholder | HEURISTIC_TEMPLATE_RATIONALE | NO_MATCH_TO_CURRENT_APPROVED_IMPACT_MATRIX,WITHHOLD_PENDING_EDITORIAL_REVIEW,
177,alrs:disp-e-sobre-o-aux-lio-refei-,alrs,pl,1,2026,Dispõe sobre o auxílio-refeição dos servidores do Poder Executivo do Estado do Rio Grande do Sul. (SEI 15125-0100/23-2),3,structural,"[{""group"": ""servidores_publicos"", ""impact_direction"": ""positive"", ""defending_vote"": ""sim"", ""confidence"": 0.92}]",INVALID_TAXONOMY_GROUP:servidores_publicos | MALFORMED_PROPOSITION_IDENTITY:number=1/year=2026_placeholder | HEURISTIC_TEMPLATE_RATIONALE | NO_MATCH_TO_CURRENT_APPROVED_IMPACT_MATRIX,WITHHOLD_PENDING_EDITORIAL_REVIEW,
178,alrs:cria-e-extingue-cargos-no-mbi,alrs,pl,1,2026,Cria e extingue cargos no âmbito do Poder Judiciário Estadual e dá outras providências.,4,structural,"[{""group"": ""meio_ambiente_clima"", ""impact_direction"": ""positive"", ""defending_vote"": ""sim"", ""confidence"": 0.9}]",INVALID_TAXONOMY_GROUP:meio_ambiente_clima | MALFORMED_PROPOSITION_IDENTITY:number=1/year=2026_placeholder | HEURISTIC_TEMPLATE_RATIONALE | NO_MATCH_TO_CURRENT_APPROVED_IMPACT_MATRIX,WITHHOLD_PENDING_EDITORIAL_REVIEW,
179,alrs:altera-a-lei-n-15-988-de-7-,alrs,pl,1,2026,"Altera a Lei n.º 15.988, de 7 de agosto de 2023, que consolida a legislação relativa às mulheres vítimas de violência no âmbito do Estado do Rio Grande do Sul. (SEI 16489-01.00/23-6)",4,structural,"[{""group"": ""mulheres"", ""impact_direction"": ""positive"", ""defending_vote"": ""sim"", ""confidence"": 0.95}]",MALFORMED_PROPOSITION_IDENTITY:number=1/year=2026_placeholder | HEURISTIC_TEMPLATE_RATIONALE | WRONG_SEVERITY:4->3 | DUPLICATE_OF_CANONICAL_MATTER,REMOVE_DUPLICATE,"{""canonical_key"": ""alrs|pl|554|2023""}"
180,alrs:institui-a-lei-helena-maffini-,alrs,pl,1,2026,"Institui a Lei Helena Maffini e estabelece procedimentos a serem adotados nos casos de perda gestacional, natimorto e perda neonatal nos serviços públicos e privados de saúde contratados ou conveniados que integram o Sistema Único de Saúde (SUS), bem como conscientizar e orientar os profissionais de saúde e a sociedade sobre a importância e a sensibilidade do assunto no âmbito do Estado do Rio Gra",3,budgetary,"[{""group"": ""saude_usuarios_sus"", ""impact_direction"": ""positive"", ""defending_vote"": ""sim"", ""confidence"": 0.9}]",INVALID_TAXONOMY_GROUP:saude_usuarios_sus | MALFORMED_PROPOSITION_IDENTITY:number=1/year=2026_placeholder | HEURISTIC_TEMPLATE_RATIONALE | NO_MATCH_TO_CURRENT_APPROVED_IMPACT_MATRIX,WITHHOLD_PENDING_EDITORIAL_REVIEW,
181,alrs:institui-o-dia-do-policial-mil,alrs,pl,1,2026,"Institui o Dia do Policial Militar Rodoviário no Rio Grande do Sul e dá outras providências.(SEI 
4735.0100/20-5)",3,structural,"[{""group"": ""servidores_publicos"", ""impact_direction"": ""positive"", ""defending_vote"": ""sim"", ""confidence"": 0.92}]",INVALID_TAXONOMY_GROUP:servidores_publicos | MALFORMED_PROPOSITION_IDENTITY:number=1/year=2026_placeholder | HEURISTIC_TEMPLATE_RATIONALE | NO_MATCH_TO_CURRENT_APPROVED_IMPACT_MATRIX,WITHHOLD_PENDING_EDITORIAL_REVIEW,
182,alrs:altera-a-lei-n-9-672-de-19-d,alrs,pl,1,2026,"Altera a Lei nº 9.672, de 19 de junho de 1992, que dispõe sobre a composição, o funcionamento e as atribuições do Conselho Estadual de Educação. (SEI 16380-0100/23-3)",3,structural,"[{""group"": ""educacao_estudantes"", ""impact_direction"": ""positive"", ""defending_vote"": ""sim"", ""confidence"": 0.9}]",INVALID_TAXONOMY_GROUP:educacao_estudantes | MALFORMED_PROPOSITION_IDENTITY:number=1/year=2026_placeholder | HEURISTIC_TEMPLATE_RATIONALE | NO_MATCH_TO_CURRENT_APPROVED_IMPACT_MATRIX,WITHHOLD_PENDING_EDITORIAL_REVIEW,
183,alrs:institui-a-pol-tica-p-blica-es,alrs,pl,1,2026,"Institui a política pública estadual “Programa Estadual Permanente de Conscientização e Combate à Violência Contra as Mulheres Agentes de Segurança, de Trânsito, de Vigilância e de Segurança Patrimonial” no estado do Rio Grande do Sul e dá outras providências.",4,structural,"[{""group"": ""mulheres"", ""impact_direction"": ""positive"", ""defending_vote"": ""sim"", ""confidence"": 0.95}]",MALFORMED_PROPOSITION_IDENTITY:number=1/year=2026_placeholder | HEURISTIC_TEMPLATE_RATIONALE | WRONG_SEVERITY:4->3,KEEP_CORRECTED,"{""canonical_key"": ""alrs|pl|201|2024"", ""severity"": 3, ""structural_type"": ""structural"", ""assessments"": [{""group"": ""mulheres"", ""impact_direction"": ""positive"", ""defending_vote"": ""sim"", ""confidence"": 0.9}]}"
184,alrs:disp-e-sobre-a-utiliza-o-de-a,alrs,pl,1,2026,Dispõe sobre a utilização de assinatura eletrônica pelo DETRAN/RS no âmbito do Estado do Rio Grande do Sul.(SEI 9305-01.00/23-8),4,structural,"[{""group"": ""meio_ambiente_clima"", ""impact_direction"": ""positive"", ""defending_vote"": ""sim"", ""confidence"": 0.9}]",INVALID_TAXONOMY_GROUP:meio_ambiente_clima | MALFORMED_PROPOSITION_IDENTITY:number=1/year=2026_placeholder | HEURISTIC_TEMPLATE_RATIONALE | NO_MATCH_TO_CURRENT_APPROVED_IMPACT_MATRIX,WITHHOLD_PENDING_EDITORIAL_REVIEW,
185,alrs:altera-a-lei-n-13-320-de-21-d,alrs,pl,1,2026,"Altera a Lei nº 13.320 de 21 de dezembro de 2009, que consolida a legislação relativa à pessoa com deficiência no Estado do Rio Grande do Sul. (SEI 4790.0100/20-2)",3,structural,"[{""group"": ""pessoas_com_deficiencia"", ""impact_direction"": ""positive"", ""defending_vote"": ""sim"", ""confidence"": 0.92}]",MALFORMED_PROPOSITION_IDENTITY:number=1/year=2026_placeholder | HEURISTIC_TEMPLATE_RATIONALE,KEEP_CORRECTED,"{""canonical_key"": ""alrs|pl|176|2019"", ""severity"": 3, ""structural_type"": ""structural"", ""assessments"": [{""group"": ""pessoas_com_deficiencia"", ""impact_direction"": ""positive"", ""defending_vote"": ""sim"", ""confidence"": 0.9}]}"
186,alrs:altera-a-lei-n-13-268-de-22,alrs,pl,1,2026,"Altera a Lei n.º 13.268, de 22 de outubro de 2009, que estabelece Plano de Carreira para os servidores do Quadro de Pessoal Efetivo do Tribunal de Contas do Estado e dá outras providências, extingue cargos efetivos, consolida o quadro de pessoal, e dá outras providências. (SEI 10481-0100/21-4)",3,structural,"[{""group"": ""servidores_publicos"", ""impact_direction"": ""positive"", ""defending_vote"": ""sim"", ""confidence"": 0.92}]",INVALID_TAXONOMY_GROUP:servidores_publicos | MALFORMED_PROPOSITION_IDENTITY:number=1/year=2026_placeholder | HEURISTIC_TEMPLATE_RATIONALE | NO_MATCH_TO_CURRENT_APPROVED_IMPACT_MATRIX,WITHHOLD_PENDING_EDITORIAL_REVIEW,
187,alrs:institui-o-aux-lio-creche-no-,alrs,pl,1,2026,Institui o auxílio-creche no âmbito do Tribunal de Contas do Estado do Rio Grande do Sul e dá outras providências.,4,structural,"[{""group"": ""meio_ambiente_clima"", ""impact_direction"": ""positive"", ""defending_vote"": ""sim"", ""confidence"": 0.9}]",INVALID_TAXONOMY_GROUP:meio_ambiente_clima | MALFORMED_PROPOSITION_IDENTITY:number=1/year=2026_placeholder | HEURISTIC_TEMPLATE_RATIONALE | NO_MATCH_TO_CURRENT_APPROVED_IMPACT_MATRIX,WITHHOLD_PENDING_EDITORIAL_REVIEW,
188,alrs:institui-no-mbito-do-estado-d,alrs,pl,1,2026,Institui no âmbito do Estado do Rio Grande do Sul a Rota dos Butiazais e dá outras providências. (SEI 4734.0100/21-0),4,structural,"[{""group"": ""meio_ambiente_clima"", ""impact_direction"": ""positive"", ""defending_vote"": ""sim"", ""confidence"": 0.9}]",INVALID_TAXONOMY_GROUP:meio_ambiente_clima | MALFORMED_PROPOSITION_IDENTITY:number=1/year=2026_placeholder | HEURISTIC_TEMPLATE_RATIONALE | NO_MATCH_TO_CURRENT_APPROVED_IMPACT_MATRIX,WITHHOLD_PENDING_EDITORIAL_REVIEW,
189,alrs:disp-e-sobre-as-atribui-es-e-,alrs,pl,1,2026,Dispõe sobre as atribuições e a estrutura da Agência Estadual de Regulação dos Serviços Públicos Delegados do Rio Grande do Sul - AGERGS e dá outras providências. (Prazo Fatal: 12/12/2024),4,structural,"[{""group"": ""meio_ambiente_clima"", ""impact_direction"": ""positive"", ""defending_vote"": ""sim"", ""confidence"": 0.9}]",INVALID_TAXONOMY_GROUP:meio_ambiente_clima | MALFORMED_PROPOSITION_IDENTITY:number=1/year=2026_placeholder | HEURISTIC_TEMPLATE_RATIONALE | NO_MATCH_TO_CURRENT_APPROVED_IMPACT_MATRIX,WITHHOLD_PENDING_EDITORIAL_REVIEW,
190,alrs:cria-o-programa-de-implementa-,alrs,pl,1,2026,Cria o Programa de Implementação da Terceira Faixa em rodovias estaduais no Rio Grande do Sul. (SEI 8129-0100/22-0),4,structural,"[{""group"": ""meio_ambiente_clima"", ""impact_direction"": ""positive"", ""defending_vote"": ""sim"", ""confidence"": 0.9}]",INVALID_TAXONOMY_GROUP:meio_ambiente_clima | MALFORMED_PROPOSITION_IDENTITY:number=1/year=2026_placeholder | HEURISTIC_TEMPLATE_RATIONALE | NO_MATCH_TO_CURRENT_APPROVED_IMPACT_MATRIX,WITHHOLD_PENDING_EDITORIAL_REVIEW,
191,alrs:altera-a-lei-n-15-667-de-22-,alrs,pl,1,2026,"Altera a Lei nº 15.667, de 22 de julho de 2021, que autoriza o Departamento Autônomo de Estradas de Rodagem – DAER/RS – a transferir ao Município de Campo Bom a titularidade de segmento da rodovia ERS-239. (SEI 8504-0100/21-8)",2,structural,"[{""group"": ""trabalhadores_informais"", ""impact_direction"": ""positive"", ""defending_vote"": ""sim"", ""confidence"": 0.88}]",MALFORMED_PROPOSITION_IDENTITY:number=1/year=2026_placeholder | NO_MATCH_TO_CURRENT_APPROVED_IMPACT_MATRIX,WITHHOLD_PENDING_EDITORIAL_REVIEW,
192,alrs:estabelece-crit-rios-de-transp,alrs,pl,1,2026,"Estabelece critérios de transparência para a cobrança de dívidas dos consumidores gaúchos, e dá providências correlatas. (SEI 3159-0100/23-8)",4,structural,"[{""group"": ""meio_ambiente_clima"", ""impact_direction"": ""positive"", ""defending_vote"": ""sim"", ""confidence"": 0.9}]",INVALID_TAXONOMY_GROUP:meio_ambiente_clima | MALFORMED_PROPOSITION_IDENTITY:number=1/year=2026_placeholder | HEURISTIC_TEMPLATE_RATIONALE | NO_MATCH_TO_CURRENT_APPROVED_IMPACT_MATRIX,WITHHOLD_PENDING_EDITORIAL_REVIEW,
193,alrs:institui-a-semana-maria-da-pen,alrs,pl,1,2026,"Institui a Semana Maria da Penha nas Escolas, a ser realizada anualmente no mês de novembro no Estado do Rio Grande do Sul.(SEI 5906.0100/20-6)",3,structural,"[{""group"": ""educacao_estudantes"", ""impact_direction"": ""positive"", ""defending_vote"": ""sim"", ""confidence"": 0.9}]",INVALID_TAXONOMY_GROUP:educacao_estudantes | MALFORMED_PROPOSITION_IDENTITY:number=1/year=2026_placeholder | HEURISTIC_TEMPLATE_RATIONALE | NO_MATCH_TO_CURRENT_APPROVED_IMPACT_MATRIX,WITHHOLD_PENDING_EDITORIAL_REVIEW,
194,alrs:institui-incentivos-ao-desenvo,alrs,pl,1,2026,Institui Incentivos ao Desenvolvimento do Cicloturismo no Estado do Rio Grande do Sul.(SEI 1792-0100/21-4),4,structural,"[{""group"": ""meio_ambiente_clima"", ""impact_direction"": ""positive"", ""defending_vote"": ""sim"", ""confidence"": 0.9}]",INVALID_TAXONOMY_GROUP:meio_ambiente_clima | MALFORMED_PROPOSITION_IDENTITY:number=1/year=2026_placeholder | HEURISTIC_TEMPLATE_RATIONALE | NO_MATCH_TO_CURRENT_APPROVED_IMPACT_MATRIX,WITHHOLD_PENDING_EDITORIAL_REVIEW,
195,alrs:altera-a-lei-n-14-688-de-29,alrs,pl,1,2026,"Altera a Lei n.º 14.688, de 29 de janeiro de 2015, que institui o Plano de Cargos, Carreiras e Vencimentos e reorganiza o Quadro de Pessoal Efetivo da Assembleia Legislativa do Estado do Rio Grande do Sul e dá outras providências, a Lei n.º 15.791, de 6 de janeiro de 2022, que dispõe sobre a manutenção dos vencimentos dos servidores da Assembleia Legislativa do Estado do Rio Grande do Sul, e dá ou",3,structural,"[{""group"": ""servidores_publicos"", ""impact_direction"": ""positive"", ""defending_vote"": ""sim"", ""confidence"": 0.92}]",INVALID_TAXONOMY_GROUP:servidores_publicos | MALFORMED_PROPOSITION_IDENTITY:number=1/year=2026_placeholder | HEURISTIC_TEMPLATE_RATIONALE | NO_MATCH_TO_CURRENT_APPROVED_IMPACT_MATRIX,WITHHOLD_PENDING_EDITORIAL_REVIEW,
196,alrs:institui-o-uso-da-bengala-verd,alrs,pl,1,2026,"Institui o uso da bengala verde como instrumento auxiliar de orientação, apoio, mobilidade e identificação de pessoas diagnosticadas com baixa visão no Estado do Rio Grande do Sul. (SEI 8926-01.00/21-0)",4,structural,"[{""group"": ""meio_ambiente_clima"", ""impact_direction"": ""positive"", ""defending_vote"": ""sim"", ""confidence"": 0.9}]",INVALID_TAXONOMY_GROUP:meio_ambiente_clima | MALFORMED_PROPOSITION_IDENTITY:number=1/year=2026_placeholder | HEURISTIC_TEMPLATE_RATIONALE | NO_MATCH_TO_CURRENT_APPROVED_IMPACT_MATRIX,WITHHOLD_PENDING_EDITORIAL_REVIEW,
197,alrs:disp-e-sobre-a-explora-o-dire,alrs,pl,1,2026,"Dispõe sobre a exploração direta ou mediante concessão dos serviços locais de gás canalizado de que trata o art. 25, § 2º, da Constituição da República Federativa do Brasil de 1988, estabelece os princípios, as diretrizes e as normas relativas ao referido serviço no Estado do Rio Grande do Sul e altera a Lei nº 8.109, de 19 de dezembro de 1985, que institui a Taxa de Serviços Diversos. (SEI 3406-0",4,structural,"[{""group"": ""meio_ambiente_clima"", ""impact_direction"": ""positive"", ""defending_vote"": ""sim"", ""confidence"": 0.9}]",INVALID_TAXONOMY_GROUP:meio_ambiente_clima | MALFORMED_PROPOSITION_IDENTITY:number=1/year=2026_placeholder | HEURISTIC_TEMPLATE_RATIONALE | NO_MATCH_TO_CURRENT_APPROVED_IMPACT_MATRIX,WITHHOLD_PENDING_EDITORIAL_REVIEW,
198,alrs:altera-a-lei-n-15-322-de-25,alrs,pl,1,2026,"Altera a Lei n.º 15.322, de 25 de setembro de 2019, que Institui a Política de Atendimento Integrado à Pessoa com Transtorno do Espectro Autista no Estado do Rio Grande do Sul. (SEI 3915-0100/21-9)(Tramitação conjunta com PL 454/21)",4,structural,"[{""group"": ""meio_ambiente_clima"", ""impact_direction"": ""positive"", ""defending_vote"": ""sim"", ""confidence"": 0.9}]",INVALID_TAXONOMY_GROUP:meio_ambiente_clima | MALFORMED_PROPOSITION_IDENTITY:number=1/year=2026_placeholder | HEURISTIC_TEMPLATE_RATIONALE | NO_MATCH_TO_CURRENT_APPROVED_IMPACT_MATRIX,WITHHOLD_PENDING_EDITORIAL_REVIEW,
199,alrs:altera-a-lei-n-12-831-de-13-,alrs,pl,1,2026,"Altera a Lei nº 12.831, de 13 de novembro de 2007, que autoriza o Poder Executivo a doar imóvel ao Município de Maximiliano de Almeida.",2,structural,"[{""group"": ""micro_pequenos_empreendedores"", ""impact_direction"": ""positive"", ""defending_vote"": ""sim"", ""confidence"": 0.88}]",INVALID_TAXONOMY_GROUP:micro_pequenos_empreendedores | MALFORMED_PROPOSITION_IDENTITY:number=1/year=2026_placeholder | NO_MATCH_TO_CURRENT_APPROVED_IMPACT_MATRIX,WITHHOLD_PENDING_EDITORIAL_REVIEW,
200,alrs:institui-o-selo-emfrente-mulh,alrs,pl,1,2026,"Institui o Selo EmFrente, Mulher no âmbito do Estado do Rio Grande do Sul e dá providências.(SEI 000010810-01.00/22-0)",3,structural,"[{""group"": ""mulheres"", ""impact_direction"": ""positive"", ""defending_vote"": ""sim"", ""confidence"": 0.95}]",MALFORMED_PROPOSITION_IDENTITY:number=1/year=2026_placeholder | HEURISTIC_TEMPLATE_RATIONALE | WRONG_SEVERITY:3->2 | WRONG_STRUCTURAL_TYPE:structural->symbolic,KEEP_CORRECTED,"{""canonical_key"": ""alrs|pl|231|2022"", ""severity"": 2, ""structural_type"": ""symbolic"", ""assessments"": [{""group"": ""mulheres"", ""impact_direction"": ""positive"", ""defending_vote"": ""sim"", ""confidence"": 0.9}]}"
201,alrs:disp-e-sobre-as-diretrizes-de-,alrs,pl,1,2026,Dispõe sobre as diretrizes de incentivo às entidades que desenvolvem e fomentam o esporte amador no Estado do Rio Grande do Sul e dá outras providências.(SEI 14166-01.00/23-5),4,structural,"[{""group"": ""meio_ambiente_clima"", ""impact_direction"": ""positive"", ""defending_vote"": ""sim"", ""confidence"": 0.9}]",INVALID_TAXONOMY_GROUP:meio_ambiente_clima | MALFORMED_PROPOSITION_IDENTITY:number=1/year=2026_placeholder | HEURISTIC_TEMPLATE_RATIONALE | NO_MATCH_TO_CURRENT_APPROVED_IMPACT_MATRIX,WITHHOLD_PENDING_EDITORIAL_REVIEW,
202,alrs:disp-e-sobre-cria-o-de-promot,alrs,pl,1,2026,"Dispõe sobre criação de Promotorias de Justiça e cargos de Promotor de Justiça, na Lei n.º 7.669, de 17 de junho de 1982 – Lei Orgânica do Ministério Público do Estado do Rio Grande do Sul, e criação de cargos no Quadro de Pessoal de Provimento Efetivo e no Quadro de Cargos em Comissão e Funções Gratificadas da Procuradoria-Geral de Justiça – Serviços Auxiliares do Ministério Público do Estado do",3,structural,"[{""group"": ""servidores_publicos"", ""impact_direction"": ""positive"", ""defending_vote"": ""sim"", ""confidence"": 0.92}]",INVALID_TAXONOMY_GROUP:servidores_publicos | MALFORMED_PROPOSITION_IDENTITY:number=1/year=2026_placeholder | HEURISTIC_TEMPLATE_RATIONALE | NO_MATCH_TO_CURRENT_APPROVED_IMPACT_MATRIX,WITHHOLD_PENDING_EDITORIAL_REVIEW,
203,alrs:institui-o-cresce-rs-na-assemb,alrs,pl,1,2026,Institui o Cresce/RS na Assembleia Legislativa do Estado do Rio Grande do Sul. (SEI 5235-0100/21-0),4,structural,"[{""group"": ""meio_ambiente_clima"", ""impact_direction"": ""positive"", ""defending_vote"": ""sim"", ""confidence"": 0.9}]",INVALID_TAXONOMY_GROUP:meio_ambiente_clima | MALFORMED_PROPOSITION_IDENTITY:number=1/year=2026_placeholder | HEURISTIC_TEMPLATE_RATIONALE | NO_MATCH_TO_CURRENT_APPROVED_IMPACT_MATRIX,WITHHOLD_PENDING_EDITORIAL_REVIEW,
204,alrs:altera-a-lei-n-12-903-de-14-,alrs,pl,1,2026,"Altera a Lei n° 12.903, de 14 de janeiro de 2008, que dispõe sobre a comercialização de produtos ópticos e o licenciamento do comércio varejista e de prestação de serviços de produtos ópticos e afins no Estado do Rio Grande do Sul.",4,structural,"[{""group"": ""meio_ambiente_clima"", ""impact_direction"": ""positive"", ""defending_vote"": ""sim"", ""confidence"": 0.9}]",INVALID_TAXONOMY_GROUP:meio_ambiente_clima | MALFORMED_PROPOSITION_IDENTITY:number=1/year=2026_placeholder | HEURISTIC_TEMPLATE_RATIONALE | NO_MATCH_TO_CURRENT_APPROVED_IMPACT_MATRIX,WITHHOLD_PENDING_EDITORIAL_REVIEW,
205,alrs:altera-a-lei-n-8-821-de-27-d,alrs,pl,1,2026,"Altera a Lei nº 8.821, de 27 de janeiro de 1989, que institui o Imposto sobre a Transmissão Causa Mortis e Doação, de quaisquer bens ou direitos, e a Lei nº 12.200, de 29 de dezembro de 2004, que cria o Fundo de Modernização e Reaparelhamento da Secretaria da Fazenda do Estado do Rio Grande do Sul - FUNSEFAZ/RS, e dá outras providências. (Prazo Fatal: 12/12/2024)",4,structural,"[{""group"": ""meio_ambiente_clima"", ""impact_direction"": ""positive"", ""defending_vote"": ""sim"", ""confidence"": 0.9}]",INVALID_TAXONOMY_GROUP:meio_ambiente_clima | MALFORMED_PROPOSITION_IDENTITY:number=1/year=2026_placeholder | HEURISTIC_TEMPLATE_RATIONALE | NO_MATCH_TO_CURRENT_APPROVED_IMPACT_MATRIX,WITHHOLD_PENDING_EDITORIAL_REVIEW,
206,alrs:institui-o-plano-estadual-de-e,alrs,pl,1,2026,Institui o Plano Estadual de Enfrentamento aos Feminicídios no Estado do Rio Grande do Sul e dá outras providências.,4,structural,"[{""group"": ""mulheres"", ""impact_direction"": ""positive"", ""defending_vote"": ""sim"", ""confidence"": 0.95}]",MALFORMED_PROPOSITION_IDENTITY:number=1/year=2026_placeholder | HEURISTIC_TEMPLATE_RATIONALE | WRONG_SEVERITY:4->3,KEEP_CORRECTED,"{""canonical_key"": ""alrs|pl|214|2025"", ""severity"": 3, ""structural_type"": ""structural"", ""assessments"": [{""group"": ""mulheres"", ""impact_direction"": ""positive"", ""defending_vote"": ""sim"", ""confidence"": 0.9}]}"
207,alrs:disp-e-sobre-o-aux-lio-entre-m,alrs,pl,1,2026,Dispõe sobre o auxílio entre Municípios do Estado do Rio Grande do Sul afetados por catástrofes naturais. (SEI 14293-01.00/23-0),4,structural,"[{""group"": ""meio_ambiente_clima"", ""impact_direction"": ""positive"", ""defending_vote"": ""sim"", ""confidence"": 0.9}]",INVALID_TAXONOMY_GROUP:meio_ambiente_clima | MALFORMED_PROPOSITION_IDENTITY:number=1/year=2026_placeholder | HEURISTIC_TEMPLATE_RATIONALE | NO_MATCH_TO_CURRENT_APPROVED_IMPACT_MATRIX,WITHHOLD_PENDING_EDITORIAL_REVIEW,
208,alrs:disp-e-sobre-a-inclus-o-do-tem,alrs,pl,1,2026,"Dispõe sobre a inclusão do tema “Educação Financeira” nas propostas pedagógicas dos estabelecimentos de ensino fundamental e de ensino médio, públicos e privados do Estado do Rio Grande do Sul. (SEI 4450-0100/21-9)",3,budgetary,"[{""group"": ""saude_usuarios_sus"", ""impact_direction"": ""positive"", ""defending_vote"": ""sim"", ""confidence"": 0.9}]",INVALID_TAXONOMY_GROUP:saude_usuarios_sus | MALFORMED_PROPOSITION_IDENTITY:number=1/year=2026_placeholder | HEURISTIC_TEMPLATE_RATIONALE | NO_MATCH_TO_CURRENT_APPROVED_IMPACT_MATRIX,WITHHOLD_PENDING_EDITORIAL_REVIEW,
209,alrs:disp-e-sobre-extin-o-e-cria-,alrs,pl,1,2026,Dispõe sobre extinção e criação de cargos no Quadro de Pessoal do Poder Judiciário do Estado do Rio Grande do Sul e dá outras providências. (SEI 15964-0100/23-2),3,structural,"[{""group"": ""servidores_publicos"", ""impact_direction"": ""positive"", ""defending_vote"": ""sim"", ""confidence"": 0.92}]",INVALID_TAXONOMY_GROUP:servidores_publicos | MALFORMED_PROPOSITION_IDENTITY:number=1/year=2026_placeholder | HEURISTIC_TEMPLATE_RATIONALE | NO_MATCH_TO_CURRENT_APPROVED_IMPACT_MATRIX,WITHHOLD_PENDING_EDITORIAL_REVIEW,
210,alrs:disp-e-sobre-a-publiciza-o-do,alrs,pl,1,2026,"Dispõe sobre a publicização dos relatórios de vistorias técnicas realizadas em rodovias, viadutos, pontes e passarelas no âmbito do Estado do Rio Grande do Sul, e dá outras providências. (SEI 10921-01.00/21-4)",4,structural,"[{""group"": ""meio_ambiente_clima"", ""impact_direction"": ""positive"", ""defending_vote"": ""sim"", ""confidence"": 0.9}]",INVALID_TAXONOMY_GROUP:meio_ambiente_clima | MALFORMED_PROPOSITION_IDENTITY:number=1/year=2026_placeholder | HEURISTIC_TEMPLATE_RATIONALE | NO_MATCH_TO_CURRENT_APPROVED_IMPACT_MATRIX,WITHHOLD_PENDING_EDITORIAL_REVIEW,
211,alrs:altera-a-resolu-o-n-2-288-,alrs,pl,1,2026,"Altera a Resolução n.º 2.288, de 18 de janeiro de 1991, que dispõe sobre o Regimento Interno da Assembleia Legislativa do Estado do Rio Grande do Sul.(SEI 5996-0100/21-0)",4,structural,"[{""group"": ""meio_ambiente_clima"", ""impact_direction"": ""positive"", ""defending_vote"": ""sim"", ""confidence"": 0.9}]",INVALID_TAXONOMY_GROUP:meio_ambiente_clima | MALFORMED_PROPOSITION_IDENTITY:number=1/year=2026_placeholder | HEURISTIC_TEMPLATE_RATIONALE | NO_MATCH_TO_CURRENT_APPROVED_IMPACT_MATRIX,WITHHOLD_PENDING_EDITORIAL_REVIEW,
212,alrs:altera-a-resolu-o-n-3-045-,alrs,pl,1,2026,"Altera a Resolução n.º 3.045, de 1.º de outubro de 2009, que institui a Semana da Consciência Negra da Assembleia Legislativa do Estado do Rio Grande do Sul e o Troféu Deputado Carlos Santos e dá outras providências.",4,structural,"[{""group"": ""meio_ambiente_clima"", ""impact_direction"": ""positive"", ""defending_vote"": ""sim"", ""confidence"": 0.9}]",INVALID_TAXONOMY_GROUP:meio_ambiente_clima | MALFORMED_PROPOSITION_IDENTITY:number=1/year=2026_placeholder | HEURISTIC_TEMPLATE_RATIONALE | NO_MATCH_TO_CURRENT_APPROVED_IMPACT_MATRIX,WITHHOLD_PENDING_EDITORIAL_REVIEW,
213,alrs:institui-o-comit-de-preven-o,alrs,pl,1,2026,Institui o Comitê de Prevenção e Solução de Disputas em contratos administrativos continuados celebrados pelo Estado do Rio Grande do Sul. (SEI 2578.0100/21-8),4,structural,"[{""group"": ""meio_ambiente_clima"", ""impact_direction"": ""positive"", ""defending_vote"": ""sim"", ""confidence"": 0.9}]",INVALID_TAXONOMY_GROUP:meio_ambiente_clima | MALFORMED_PROPOSITION_IDENTITY:number=1/year=2026_placeholder | HEURISTIC_TEMPLATE_RATIONALE | NO_MATCH_TO_CURRENT_APPROVED_IMPACT_MATRIX,WITHHOLD_PENDING_EDITORIAL_REVIEW,
214,alrs:disp-e-sobre-o-minist-rio-p-bl,alrs,pl,1,2026,Dispõe sobre o Ministério Público junto ao Tribunal de Contas do Estado e dá outras providências. (SEI 8874-0100/21-5),4,structural,"[{""group"": ""meio_ambiente_clima"", ""impact_direction"": ""positive"", ""defending_vote"": ""sim"", ""confidence"": 0.9}]",INVALID_TAXONOMY_GROUP:meio_ambiente_clima | MALFORMED_PROPOSITION_IDENTITY:number=1/year=2026_placeholder | HEURISTIC_TEMPLATE_RATIONALE | NO_MATCH_TO_CURRENT_APPROVED_IMPACT_MATRIX,WITHHOLD_PENDING_EDITORIAL_REVIEW,
215,alrs:altera-a-lei-n-15-434-de-9-,alrs,pl,1,2026,"Altera a Lei n.º 15.434, de 9 de janeiro de 2020, que institui o Código Estadual do Meio Ambiente do Estado do Rio Grande do Sul.",4,structural,"[{""group"": ""meio_ambiente_clima"", ""impact_direction"": ""positive"", ""defending_vote"": ""sim"", ""confidence"": 0.9}]",INVALID_TAXONOMY_GROUP:meio_ambiente_clima | MALFORMED_PROPOSITION_IDENTITY:number=1/year=2026_placeholder | HEURISTIC_TEMPLATE_RATIONALE | NO_MATCH_TO_CURRENT_APPROVED_IMPACT_MATRIX,WITHHOLD_PENDING_EDITORIAL_REVIEW,
216,alrs:altera-a-resolu-o-n-2-703-,alrs,pl,1,2026,"Altera a Resolução n.º 2.703, de 16 de julho de 1997, que institui o troféu “Mulher Cidadã”.(SEI 3988-0.100-21/0)",3,structural,"[{""group"": ""mulheres"", ""impact_direction"": ""positive"", ""defending_vote"": ""sim"", ""confidence"": 0.95}]",MALFORMED_PROPOSITION_IDENTITY:number=1/year=2026_placeholder | HEURISTIC_TEMPLATE_RATIONALE | NO_MATCH_TO_CURRENT_APPROVED_IMPACT_MATRIX,WITHHOLD_PENDING_EDITORIAL_REVIEW,
217,alrs:disp-e-sobre-a-instala-o-de-s,alrs,pl,1,2026,Dispõe sobre a instalação de salas de apoio à amamentação em empresas privadas localizadas no Estado do Rio Grande do Sul e dá outras providências.,4,structural,"[{""group"": ""meio_ambiente_clima"", ""impact_direction"": ""positive"", ""defending_vote"": ""sim"", ""confidence"": 0.9}]",INVALID_TAXONOMY_GROUP:meio_ambiente_clima | MALFORMED_PROPOSITION_IDENTITY:number=1/year=2026_placeholder | HEURISTIC_TEMPLATE_RATIONALE | NO_MATCH_TO_CURRENT_APPROVED_IMPACT_MATRIX,WITHHOLD_PENDING_EDITORIAL_REVIEW,
218,alrs:disp-e-sobre-destina-o-de-vag,alrs,pl,1,2026,"Dispõe sobre destinação de vagas de emprego para mulheres vítimas de violência doméstica e familiar, no âmbito do Estado do Rio Grande do Sul, nas condições que especifica. (SEI 4994.0100/20-0)",4,structural,"[{""group"": ""mulheres"", ""impact_direction"": ""positive"", ""defending_vote"": ""sim"", ""confidence"": 0.95}]",MALFORMED_PROPOSITION_IDENTITY:number=1/year=2026_placeholder | HEURISTIC_TEMPLATE_RATIONALE | WRONG_SEVERITY:4->3 | DUPLICATE_OF_CANONICAL_MATTER,REMOVE_DUPLICATE,"{""canonical_key"": ""alrs|pl|92|2019""}"
219,alrs:disp-e-sobre-os-planos-municip,alrs,pl,1,2026,"Dispõe sobre os Planos Municipais de Arborização Urbana e estabelece diretrizes e critérios para o manejo de vegetação, nativa e exótica, sob redes de distribuição e linhas de transmissão de energia elétrica em áreas rurais e urbanas no Estado do Rio Grande do Sul. (Prazo Fatal: 29/10/2024)",4,structural,"[{""group"": ""meio_ambiente_clima"", ""impact_direction"": ""positive"", ""defending_vote"": ""sim"", ""confidence"": 0.9}]",INVALID_TAXONOMY_GROUP:meio_ambiente_clima | MALFORMED_PROPOSITION_IDENTITY:number=1/year=2026_placeholder | HEURISTIC_TEMPLATE_RATIONALE | NO_MATCH_TO_CURRENT_APPROVED_IMPACT_MATRIX,WITHHOLD_PENDING_EDITORIAL_REVIEW,
220,alrs:altera-a-lei-n-10-097-de-31-,alrs,pl,1,2026,"Altera a Lei nº 10.097, de 31 de janeiro de 1994, que cria o Conselho Estadual de Saúde do Estado do Rio Grande do Sul e estabelece outras providências.(SEI 9749-01.00/22-0)",3,budgetary,"[{""group"": ""saude_usuarios_sus"", ""impact_direction"": ""positive"", ""defending_vote"": ""sim"", ""confidence"": 0.9}]",INVALID_TAXONOMY_GROUP:saude_usuarios_sus | MALFORMED_PROPOSITION_IDENTITY:number=1/year=2026_placeholder | HEURISTIC_TEMPLATE_RATIONALE | NO_MATCH_TO_CURRENT_APPROVED_IMPACT_MATRIX,WITHHOLD_PENDING_EDITORIAL_REVIEW,
221,alrs:altera-a-lei-n-15-935-de-01-,alrs,pl,1,2026,"Altera a Lei nº 15.935, de 01 de janeiro de 2023, que institui o Novo Quadro Geral dos Cargos em Comissão e Funções Gratificadas do Poder Executivo, regulamenta a gratificação pelo exercício de direção e de vice-direção de Escola da Rede Pública Estadual de Ensino, fixa a remuneração mensal dos dirigentes de autarquias, fundações autárquicas, órgãos e entidades especiais, dispõe sobre a equipe de",3,structural,"[{""group"": ""educacao_estudantes"", ""impact_direction"": ""positive"", ""defending_vote"": ""sim"", ""confidence"": 0.9}]",INVALID_TAXONOMY_GROUP:educacao_estudantes | MALFORMED_PROPOSITION_IDENTITY:number=1/year=2026_placeholder | HEURISTIC_TEMPLATE_RATIONALE | NO_MATCH_TO_CURRENT_APPROVED_IMPACT_MATRIX,WITHHOLD_PENDING_EDITORIAL_REVIEW,
222,alrs:disp-e-sobre-a-disponibiliza-,alrs,pl,1,2026,"Dispõe sobre a disponibilização de espaços públicos de acolhimento e abrigamento emergencial às mulheres e seus dependentes, vítimas de violência doméstica e familiar, durante o período do isolamento social em função da pandemia do COVID19.",4,structural,"[{""group"": ""mulheres"", ""impact_direction"": ""positive"", ""defending_vote"": ""sim"", ""confidence"": 0.95}]",MALFORMED_PROPOSITION_IDENTITY:number=1/year=2026_placeholder | HEURISTIC_TEMPLATE_RATIONALE | WRONG_SEVERITY:4->3,KEEP_CORRECTED,"{""canonical_key"": ""alrs|pl|95|2020"", ""severity"": 3, ""structural_type"": ""structural"", ""assessments"": [{""group"": ""mulheres"", ""impact_direction"": ""positive"", ""defending_vote"": ""sim"", ""confidence"": 0.9}]}"
223,alrs:disp-e-sobre-incentivos-a-proj,alrs,pl,1,2026,"Dispõe sobre incentivos a projetos de reciclagem no âmbito do Programa de Incentivo à Inclusão e Promoção Social – Pró-Social/RS, instituído Lei n.º 11.853, 
de 29 de novembro de 2002, e dá outras providências. (SEI 8015.0100/20-3)",4,structural,"[{""group"": ""meio_ambiente_clima"", ""impact_direction"": ""positive"", ""defending_vote"": ""sim"", ""confidence"": 0.9}]",INVALID_TAXONOMY_GROUP:meio_ambiente_clima | MALFORMED_PROPOSITION_IDENTITY:number=1/year=2026_placeholder | HEURISTIC_TEMPLATE_RATIONALE | NO_MATCH_TO_CURRENT_APPROVED_IMPACT_MATRIX,WITHHOLD_PENDING_EDITORIAL_REVIEW,
224,alrs:altera-o-art-23-da-lei-estadu,alrs,pl,1,2026,"Altera o art. 23 da Lei Estadual nº 13.268, de 22 de outubro de 2009, que estabelece o Plano de Carreira para os servidores do Quadro de Pessoal Efetivo do Tribunal de Contas do Estado.",3,structural,"[{""group"": ""servidores_publicos"", ""impact_direction"": ""positive"", ""defending_vote"": ""sim"", ""confidence"": 0.92}]",INVALID_TAXONOMY_GROUP:servidores_publicos | MALFORMED_PROPOSITION_IDENTITY:number=1/year=2026_placeholder | HEURISTIC_TEMPLATE_RATIONALE | NO_MATCH_TO_CURRENT_APPROVED_IMPACT_MATRIX,WITHHOLD_PENDING_EDITORIAL_REVIEW,
225,alrs:disp-e-sobre-a-manuten-o-dos-,alrs,pl,1,2026,Dispõe sobre a manutenção dos vencimentos dos servidores da Assembleia Legislativa do Estado do Rio Grande do Sul. (SEI 9861-0100/21-2),3,structural,"[{""group"": ""servidores_publicos"", ""impact_direction"": ""positive"", ""defending_vote"": ""sim"", ""confidence"": 0.92}]",INVALID_TAXONOMY_GROUP:servidores_publicos | MALFORMED_PROPOSITION_IDENTITY:number=1/year=2026_placeholder | HEURISTIC_TEMPLATE_RATIONALE | NO_MATCH_TO_CURRENT_APPROVED_IMPACT_MATRIX,WITHHOLD_PENDING_EDITORIAL_REVIEW,
226,alrs:altera-a-lei-n-13-417-de-05-,alrs,pl,1,2026,"Altera a Lei nº 13.417, de 05 de abril de 2010, que dispõe sobre a reestruturação do Quadro de Funcionários da Saúde Pública, estabelece normas gerais de enquadramento, institui nova tabela de vencimentos e dá outras providências. (SEI 8087-0100/21-0)",3,budgetary,"[{""group"": ""saude_usuarios_sus"", ""impact_direction"": ""positive"", ""defending_vote"": ""sim"", ""confidence"": 0.9}]",INVALID_TAXONOMY_GROUP:saude_usuarios_sus | MALFORMED_PROPOSITION_IDENTITY:number=1/year=2026_placeholder | HEURISTIC_TEMPLATE_RATIONALE | NO_MATCH_TO_CURRENT_APPROVED_IMPACT_MATRIX,WITHHOLD_PENDING_EDITORIAL_REVIEW,
227,alrs:altera-a-lei-n-15-945-de-2-d,alrs,pl,1,2026,"Altera a Lei nº 15.945, de 2 de janeiro de 2023, que dispõe sobre a unificação dos quadros de pessoal dos servidores do Poder Judiciário – Justiça Militar - do Estado do Rio Grande do Sul, e dá outras providências.(SEI 11504-01.00/23-0)",3,structural,"[{""group"": ""servidores_publicos"", ""impact_direction"": ""positive"", ""defending_vote"": ""sim"", ""confidence"": 0.92}]",INVALID_TAXONOMY_GROUP:servidores_publicos | MALFORMED_PROPOSITION_IDENTITY:number=1/year=2026_placeholder | HEURISTIC_TEMPLATE_RATIONALE | NO_MATCH_TO_CURRENT_APPROVED_IMPACT_MATRIX,WITHHOLD_PENDING_EDITORIAL_REVIEW,
228,alrs:altera-a-lei-n-15-363-de-5-,alrs,pl,1,2026,"Altera a Lei n.º 15.363, de 5 de novembro de 2019, que consolida a legislação relativa à Proteção aos Animais no Estado do Rio Grande do Sul. (SEI 2028-01.00/21-8)",4,structural,"[{""group"": ""meio_ambiente_clima"", ""impact_direction"": ""positive"", ""defending_vote"": ""sim"", ""confidence"": 0.9}]",INVALID_TAXONOMY_GROUP:meio_ambiente_clima | MALFORMED_PROPOSITION_IDENTITY:number=1/year=2026_placeholder | HEURISTIC_TEMPLATE_RATIONALE | NO_MATCH_TO_CURRENT_APPROVED_IMPACT_MATRIX,WITHHOLD_PENDING_EDITORIAL_REVIEW,
229,alrs:disp-e-sobre-a-prioridade-no-a,alrs,pl,1,2026,"Dispõe sobre a prioridade no atendimento às pessoas com diabetes em postos de saúde, clínicas, hospitais, laboratórios e outros locais similares. (SEI 5599.0100/22-4)",3,budgetary,"[{""group"": ""saude_usuarios_sus"", ""impact_direction"": ""positive"", ""defending_vote"": ""sim"", ""confidence"": 0.9}]",INVALID_TAXONOMY_GROUP:saude_usuarios_sus | MALFORMED_PROPOSITION_IDENTITY:number=1/year=2026_placeholder | HEURISTIC_TEMPLATE_RATIONALE | NO_MATCH_TO_CURRENT_APPROVED_IMPACT_MATRIX,WITHHOLD_PENDING_EDITORIAL_REVIEW,
230,alrs:disp-e-sobre-o-protocolo-de-co,alrs,pl,1,2026,Dispõe sobre o Protocolo de Combate à Discriminação nos Estádios e Arenas Esportivas no Estado do Rio Grande do Sul.(SEI 10042-01.00/23-3),4,structural,"[{""group"": ""meio_ambiente_clima"", ""impact_direction"": ""positive"", ""defending_vote"": ""sim"", ""confidence"": 0.9}]",INVALID_TAXONOMY_GROUP:meio_ambiente_clima | MALFORMED_PROPOSITION_IDENTITY:number=1/year=2026_placeholder | HEURISTIC_TEMPLATE_RATIONALE | NO_MATCH_TO_CURRENT_APPROVED_IMPACT_MATRIX,WITHHOLD_PENDING_EDITORIAL_REVIEW,
231,alrs:cria-o-cargo-de-biom-dico-no-q,alrs,pl,1,2026,Cria o Cargo de Biomédico no quadro de servidores do Estado do Rio Grande do Sul e dá outras providências.(SEI 3770.0100/20-1),3,structural,"[{""group"": ""servidores_publicos"", ""impact_direction"": ""positive"", ""defending_vote"": ""sim"", ""confidence"": 0.92}]",INVALID_TAXONOMY_GROUP:servidores_publicos | MALFORMED_PROPOSITION_IDENTITY:number=1/year=2026_placeholder | HEURISTIC_TEMPLATE_RATIONALE | NO_MATCH_TO_CURRENT_APPROVED_IMPACT_MATRIX,WITHHOLD_PENDING_EDITORIAL_REVIEW,
232,alrs:institui-o-programa-professor-,alrs,pl,1,2026,"Institui o Programa Professor do Amanhã, com o objetivo de formar docentes em áreas estratégicas para o fortalecimento da Educação Básica no Estado do Rio Grande do Sul. (SEI 12934-0100/23-5)",3,structural,"[{""group"": ""educacao_estudantes"", ""impact_direction"": ""positive"", ""defending_vote"": ""sim"", ""confidence"": 0.9}]",INVALID_TAXONOMY_GROUP:educacao_estudantes | MALFORMED_PROPOSITION_IDENTITY:number=1/year=2026_placeholder | HEURISTIC_TEMPLATE_RATIONALE | NO_MATCH_TO_CURRENT_APPROVED_IMPACT_MATRIX,WITHHOLD_PENDING_EDITORIAL_REVIEW,
233,alrs:estabelece-procedimentos-de-pr,alrs,pl,1,2026,"Estabelece procedimentos de proteção ao meio ambiente marinho e costeiro do Estado do Rio Grande do Sul, e dá outras providências. (SEI 12598-0100/23-4)",4,structural,"[{""group"": ""meio_ambiente_clima"", ""impact_direction"": ""positive"", ""defending_vote"": ""sim"", ""confidence"": 0.9}]",INVALID_TAXONOMY_GROUP:meio_ambiente_clima | MALFORMED_PROPOSITION_IDENTITY:number=1/year=2026_placeholder | HEURISTIC_TEMPLATE_RATIONALE | NO_MATCH_TO_CURRENT_APPROVED_IMPACT_MATRIX,WITHHOLD_PENDING_EDITORIAL_REVIEW,
234,alrs:altera-a-reda-o-da-lei-n-9-,alrs,pl,1,2026,"Altera a redação da Lei n.º 9.613, de 20 de março de 1992, que criou o Município de Lei São Pedro da Serra, para fins de corrigir os limites entre os Municípios de São Pedro da Serra e Barão.(SEI 11784-01.00/22-2)",4,structural,"[{""group"": ""meio_ambiente_clima"", ""impact_direction"": ""positive"", ""defending_vote"": ""sim"", ""confidence"": 0.9}]",INVALID_TAXONOMY_GROUP:meio_ambiente_clima | MALFORMED_PROPOSITION_IDENTITY:number=1/year=2026_placeholder | HEURISTIC_TEMPLATE_RATIONALE | NO_MATCH_TO_CURRENT_APPROVED_IMPACT_MATRIX,WITHHOLD_PENDING_EDITORIAL_REVIEW,
235,alrs:disp-e-sobre-a-organiza-o-a-,alrs,pl,1,2026,"Dispõe sobre a Organização, a Estrutura Básica e o efetivo da Brigada Militar do Estado do Rio Grande do Sul e dá outras providências.",3,structural,"[{""group"": ""servidores_publicos"", ""impact_direction"": ""positive"", ""defending_vote"": ""sim"", ""confidence"": 0.92}]",INVALID_TAXONOMY_GROUP:servidores_publicos | MALFORMED_PROPOSITION_IDENTITY:number=1/year=2026_placeholder | HEURISTIC_TEMPLATE_RATIONALE | NO_MATCH_TO_CURRENT_APPROVED_IMPACT_MATRIX,WITHHOLD_PENDING_EDITORIAL_REVIEW,
236,alrs:disp-e-sobre-o-atendimento-dos,alrs,pl,1,2026,Dispõe sobre o atendimento dos pedidos dos serviços extrajudiciais por meio de centrais e plataformas de Serviços Eletrônicos no Estado do Rio Grande do Sul e dá outras providências. (SEI 6279-0100/20-7),4,structural,"[{""group"": ""meio_ambiente_clima"", ""impact_direction"": ""positive"", ""defending_vote"": ""sim"", ""confidence"": 0.9}]",INVALID_TAXONOMY_GROUP:meio_ambiente_clima | MALFORMED_PROPOSITION_IDENTITY:number=1/year=2026_placeholder | HEURISTIC_TEMPLATE_RATIONALE | NO_MATCH_TO_CURRENT_APPROVED_IMPACT_MATRIX,WITHHOLD_PENDING_EDITORIAL_REVIEW,
237,alrs:disp-e-sobre-a-contrata-o-do-,alrs,pl,1,2026,Dispõe sobre a contratação do seguro garantia nos contratos públicos de obras ou de fornecimento de bens e serviços patrocinados pelo Poder Público do  Estado do Rio Grande do Sul.(SEI 6492-0.100/21-6),4,structural,"[{""group"": ""meio_ambiente_clima"", ""impact_direction"": ""positive"", ""defending_vote"": ""sim"", ""confidence"": 0.9}]",INVALID_TAXONOMY_GROUP:meio_ambiente_clima | MALFORMED_PROPOSITION_IDENTITY:number=1/year=2026_placeholder | HEURISTIC_TEMPLATE_RATIONALE | NO_MATCH_TO_CURRENT_APPROVED_IMPACT_MATRIX,WITHHOLD_PENDING_EDITORIAL_REVIEW,
238,alrs:disp-e-sobre-a-cria-o-e-regul,alrs,pl,1,2026,Dispõe sobre a criação e regulamentação das casas de abrigo no Rio Grande do Sul para mulheres vítimas de violência doméstica e familiar.(SEI 5062.0100/20-2),4,structural,"[{""group"": ""mulheres"", ""impact_direction"": ""positive"", ""defending_vote"": ""sim"", ""confidence"": 0.95}]",MALFORMED_PROPOSITION_IDENTITY:number=1/year=2026_placeholder | HEURISTIC_TEMPLATE_RATIONALE | WRONG_SEVERITY:4->3,KEEP_CORRECTED,"{""canonical_key"": ""alrs|pl|102|2019"", ""severity"": 3, ""structural_type"": ""structural"", ""assessments"": [{""group"": ""mulheres"", ""impact_direction"": ""positive"", ""defending_vote"": ""sim"", ""confidence"": 0.9}]}"
239,alrs:disp-e-sobre-o-servi-o-de-cape,alrs,pl,1,2026,Dispõe sobre o serviço de Capelania e a prestação de assistência religiosa nas entidades civis e militares situadas no Estado do Rio Grande do Sul. (SEI 3201-0100/22-7),4,structural,"[{""group"": ""meio_ambiente_clima"", ""impact_direction"": ""positive"", ""defending_vote"": ""sim"", ""confidence"": 0.9}]",INVALID_TAXONOMY_GROUP:meio_ambiente_clima | MALFORMED_PROPOSITION_IDENTITY:number=1/year=2026_placeholder | HEURISTIC_TEMPLATE_RATIONALE | NO_MATCH_TO_CURRENT_APPROVED_IMPACT_MATRIX,WITHHOLD_PENDING_EDITORIAL_REVIEW,
240,alrs:disp-e-sobre-educa-o-domicili,alrs,pl,1,2026,Dispõe sobre educação domiciliar e dá outras providências. (SEI 4839-0100/20-4),3,structural,"[{""group"": ""educacao_estudantes"", ""impact_direction"": ""positive"", ""defending_vote"": ""sim"", ""confidence"": 0.9}]",INVALID_TAXONOMY_GROUP:educacao_estudantes | MALFORMED_PROPOSITION_IDENTITY:number=1/year=2026_placeholder | HEURISTIC_TEMPLATE_RATIONALE | NO_MATCH_TO_CURRENT_APPROVED_IMPACT_MATRIX,WITHHOLD_PENDING_EDITORIAL_REVIEW,
241,alrs:institui-o-programa-futebol-pa,alrs,pl,1,2026,Institui o Programa Futebol para Todos no Estado do Rio Grande do Sul e dá outras providências. (SEI 5413.0100/20-9),4,structural,"[{""group"": ""meio_ambiente_clima"", ""impact_direction"": ""positive"", ""defending_vote"": ""sim"", ""confidence"": 0.9}]",INVALID_TAXONOMY_GROUP:meio_ambiente_clima | MALFORMED_PROPOSITION_IDENTITY:number=1/year=2026_placeholder | HEURISTIC_TEMPLATE_RATIONALE | NO_MATCH_TO_CURRENT_APPROVED_IMPACT_MATRIX,WITHHOLD_PENDING_EDITORIAL_REVIEW,
242,alrs:estabelece-a-obrigatoriedade-d,alrs,pl,1,2026,"Estabelece a obrigatoriedade da adoção de medidas de auxílio à mulher que se sinta em situação de risco, por restaurantes, bares, casas noturnas de entretenimento e demais estabelecimentos similares no Estado do Rio Grande do Sul. (SEI 8907-01.00/21-9)(Tramitação Conjunta com o PL 43/23)",3,structural,"[{""group"": ""mulheres"", ""impact_direction"": ""positive"", ""defending_vote"": ""sim"", ""confidence"": 0.95}]",MALFORMED_PROPOSITION_IDENTITY:number=1/year=2026_placeholder | HEURISTIC_TEMPLATE_RATIONALE | WRONG_SEVERITY:3->2,KEEP_CORRECTED,"{""canonical_key"": ""alrs|pl|223|2019"", ""severity"": 2, ""structural_type"": ""structural"", ""assessments"": [{""group"": ""mulheres"", ""impact_direction"": ""positive"", ""defending_vote"": ""sim"", ""confidence"": 0.9}]}"
243,alrs:institui-a-semana-estadual-de,alrs,pl,1,2026,Institui a “Semana Estadual de Prevenção à Saúde Mental na escola” no Estado do Rio Grande do Sul.(SEI 4563.0100/20-9),3,budgetary,"[{""group"": ""saude_usuarios_sus"", ""impact_direction"": ""positive"", ""defending_vote"": ""sim"", ""confidence"": 0.9}]",INVALID_TAXONOMY_GROUP:saude_usuarios_sus | MALFORMED_PROPOSITION_IDENTITY:number=1/year=2026_placeholder | HEURISTIC_TEMPLATE_RATIONALE | NO_MATCH_TO_CURRENT_APPROVED_IMPACT_MATRIX,WITHHOLD_PENDING_EDITORIAL_REVIEW,
244,alrs:disp-e-sobre-a-realiza-o-de-c,alrs,pl,1,2026,"Dispõe sobre a realização de curso de primeiros socorros e de prevenção de acidentes durante o acompanhamento pré-natal, e o reforço dessas informações na maternidade e nas consultas de acompanhamento da criança recém-nascida.(SEI 5061.0100/20-0)",3,structural,"[{""group"": ""mulheres"", ""impact_direction"": ""positive"", ""defending_vote"": ""sim"", ""confidence"": 0.95}]",MALFORMED_PROPOSITION_IDENTITY:number=1/year=2026_placeholder | HEURISTIC_TEMPLATE_RATIONALE | WRONG_SEVERITY:3->2,KEEP_CORRECTED,"{""canonical_key"": ""alrs|pl|420|2019"", ""severity"": 2, ""structural_type"": ""structural"", ""assessments"": [{""group"": ""mulheres"", ""impact_direction"": ""positive"", ""defending_vote"": ""sim"", ""confidence"": 0.9}]}"
245,alrs:institui-o-dia-25-de-novembro-,alrs,pl,1,2026,Institui o dia 25 de novembro como Dia Estadual da Não-Violência contra Mulheres e Meninas. (SEI 6329.0100/20-6),4,structural,"[{""group"": ""mulheres"", ""impact_direction"": ""positive"", ""defending_vote"": ""sim"", ""confidence"": 0.95}]",MALFORMED_PROPOSITION_IDENTITY:number=1/year=2026_placeholder | HEURISTIC_TEMPLATE_RATIONALE | WRONG_SEVERITY:4->1 | WRONG_STRUCTURAL_TYPE:structural->symbolic,KEEP_CORRECTED,"{""canonical_key"": ""alrs|pl|523|2019"", ""severity"": 1, ""structural_type"": ""symbolic"", ""assessments"": [{""group"": ""mulheres"", ""impact_direction"": ""positive"", ""defending_vote"": ""sim"", ""confidence"": 0.9}]}"
246,alrs:institui-o-programa-bolsa-atle,alrs,pl,1,2026,Institui o Programa Bolsa-Atleta no âmbito do Estado do Rio Grande do Sul. (SEI 13595-0100/23-3),4,structural,"[{""group"": ""meio_ambiente_clima"", ""impact_direction"": ""positive"", ""defending_vote"": ""sim"", ""confidence"": 0.9}]",INVALID_TAXONOMY_GROUP:meio_ambiente_clima | MALFORMED_PROPOSITION_IDENTITY:number=1/year=2026_placeholder | HEURISTIC_TEMPLATE_RATIONALE | NO_MATCH_TO_CURRENT_APPROVED_IMPACT_MATRIX,WITHHOLD_PENDING_EDITORIAL_REVIEW,
247,alrs:disp-e-sobre-o-sistema-nico-d,alrs,pl,1,2026,"Dispõe sobre o Sistema Único de Assistência Social - SUAS no Estado do Rio Grande do Sul, altera a Lei nº. 10.719, de 17 de janeiro de 1996, que cria o Fundo Estadual de Assistência Social, e a Lei nº. 10.716, de 16 de janeiro de 1996, que cria o Conselho Estadual de Assistência Social. (SEI 13599-0100/23-4)",4,structural,"[{""group"": ""meio_ambiente_clima"", ""impact_direction"": ""positive"", ""defending_vote"": ""sim"", ""confidence"": 0.9}]",INVALID_TAXONOMY_GROUP:meio_ambiente_clima | MALFORMED_PROPOSITION_IDENTITY:number=1/year=2026_placeholder | HEURISTIC_TEMPLATE_RATIONALE | NO_MATCH_TO_CURRENT_APPROVED_IMPACT_MATRIX,WITHHOLD_PENDING_EDITORIAL_REVIEW,
248,alrs:altera-a-lei-15-322-de-25-de-,alrs,pl,1,2026,"Altera a Lei 15.322, de 25 de setembro de 2019, para estabelecer penalidades administrativas às pessoas físicas ou jurídicas e agentes públicos que discriminarem pessoas com Transtorno de Espectro Autista (TEA), no Rio Grande do Sul e dar outras providências. (SEI 2727-0100/23-9)",3,structural,"[{""group"": ""pessoas_com_deficiencia"", ""impact_direction"": ""positive"", ""defending_vote"": ""sim"", ""confidence"": 0.92}]",MALFORMED_PROPOSITION_IDENTITY:number=1/year=2026_placeholder | HEURISTIC_TEMPLATE_RATIONALE | NO_MATCH_TO_CURRENT_APPROVED_IMPACT_MATRIX,WITHHOLD_PENDING_EDITORIAL_REVIEW,
249,alrs:cria-e-reorganiza-serventias-e,alrs,pl,1,2026,Cria e reorganiza serventias extrajudiciais em diversos municípios do Estado do Rio Grande do Sul e dá outras providências. (SEI 11422-0100/23-0),4,structural,"[{""group"": ""meio_ambiente_clima"", ""impact_direction"": ""positive"", ""defending_vote"": ""sim"", ""confidence"": 0.9}]",INVALID_TAXONOMY_GROUP:meio_ambiente_clima | MALFORMED_PROPOSITION_IDENTITY:number=1/year=2026_placeholder | HEURISTIC_TEMPLATE_RATIONALE | NO_MATCH_TO_CURRENT_APPROVED_IMPACT_MATRIX,WITHHOLD_PENDING_EDITORIAL_REVIEW,
250,alrs:institui-o-programa-escola-ami,alrs,pl,1,2026,Institui o Programa Escola Amiga do Agro na rede de educação básica do Estado do Rio Grande do Sul.,3,structural,"[{""group"": ""educacao_estudantes"", ""impact_direction"": ""positive"", ""defending_vote"": ""sim"", ""confidence"": 0.9}]",INVALID_TAXONOMY_GROUP:educacao_estudantes | MALFORMED_PROPOSITION_IDENTITY:number=1/year=2026_placeholder | HEURISTIC_TEMPLATE_RATIONALE | NO_MATCH_TO_CURRENT_APPROVED_IMPACT_MATRIX,WITHHOLD_PENDING_EDITORIAL_REVIEW,
251,alrs:disp-e-sobre-a-promo-o-do-reg,alrs,pl,1,2026,Dispõe sobre a promoção do Registro Civil de Nascimento e da ampliação do acesso à documentação básica no Estado do Rio Grande do Sul.,4,structural,"[{""group"": ""meio_ambiente_clima"", ""impact_direction"": ""positive"", ""defending_vote"": ""sim"", ""confidence"": 0.9}]",INVALID_TAXONOMY_GROUP:meio_ambiente_clima | MALFORMED_PROPOSITION_IDENTITY:number=1/year=2026_placeholder | HEURISTIC_TEMPLATE_RATIONALE | NO_MATCH_TO_CURRENT_APPROVED_IMPACT_MATRIX,WITHHOLD_PENDING_EDITORIAL_REVIEW,
252,alrs:disp-e-sobre-a-prefer-ncia-de-,alrs,pl,1,2026,Dispõe sobre a preferência de vagas para irmãos no mesmo estabelecimento de ensino público. (SEI 13483-0100/23-8),3,structural,"[{""group"": ""educacao_estudantes"", ""impact_direction"": ""positive"", ""defending_vote"": ""sim"", ""confidence"": 0.9}]",INVALID_TAXONOMY_GROUP:educacao_estudantes | MALFORMED_PROPOSITION_IDENTITY:number=1/year=2026_placeholder | HEURISTIC_TEMPLATE_RATIONALE | NO_MATCH_TO_CURRENT_APPROVED_IMPACT_MATRIX,WITHHOLD_PENDING_EDITORIAL_REVIEW,
253,alrs:institui-o-programa-de-recuper,alrs,pl,1,2026,"Institui o Programa de Recuperação Socioprodutiva, Ambiental e de Incremento da Resiliência Climática da Agricultura Familiar Gaúcha.",3,structural,"[{""group"": ""agricultores_familiares"", ""impact_direction"": ""positive"", ""defending_vote"": ""sim"", ""confidence"": 0.88}]",INVALID_TAXONOMY_GROUP:agricultores_familiares | MALFORMED_PROPOSITION_IDENTITY:number=1/year=2026_placeholder | NO_MATCH_TO_CURRENT_APPROVED_IMPACT_MATRIX,WITHHOLD_PENDING_EDITORIAL_REVIEW,
254,alrs:disp-e-sobre-o-uso-do-nome-afe,alrs,pl,1,2026,"Dispõe sobre o uso do nome afetivo nos cadastros das instituições escolares, de saúde, cultura e lazer, por crianças e adolescentes sob guarda provisória, no processo de adoção. (SEI 5095.0100/20-6)",4,structural,"[{""group"": ""criancas_adolescentes_vulnerabilidade"", ""impact_direction"": ""positive"", ""defending_vote"": ""sim"", ""confidence"": 0.95}]",MALFORMED_PROPOSITION_IDENTITY:number=1/year=2026_placeholder | HEURISTIC_TEMPLATE_RATIONALE | WRONG_SEVERITY:4->3,KEEP_CORRECTED,"{""canonical_key"": ""alrs|pl|282|2019"", ""severity"": 3, ""structural_type"": ""structural"", ""assessments"": [{""group"": ""criancas_adolescentes_vulnerabilidade"", ""impact_direction"": ""positive"", ""defending_vote"": ""sim"", ""confidence"": 0.9}]}"
255,alrs:altera-o-artigo-6-caput-e-1,alrs,pl,1,2026,"Altera o artigo 6º, caput e §1º da Lei nº 15.105, de 12 de janeiro de 2018, para tornar obrigatórios a instalação e uso de porta eletrônica de segurança, giratória e individualizada.(SEI 7386-0100/23-0)",4,structural,"[{""group"": ""meio_ambiente_clima"", ""impact_direction"": ""positive"", ""defending_vote"": ""sim"", ""confidence"": 0.9}]",INVALID_TAXONOMY_GROUP:meio_ambiente_clima | MALFORMED_PROPOSITION_IDENTITY:number=1/year=2026_placeholder | HEURISTIC_TEMPLATE_RATIONALE | NO_MATCH_TO_CURRENT_APPROVED_IMPACT_MATRIX,WITHHOLD_PENDING_EDITORIAL_REVIEW,
256,alrs:institui-a-carteira-de-identid,alrs,pl,1,2026,Institui a Carteira de Identidade do Empreendedor Rural e dá outras providências. (SEI 7371-0100/21-9),3,structural,"[{""group"": ""agricultores_familiares"", ""impact_direction"": ""positive"", ""defending_vote"": ""sim"", ""confidence"": 0.88}]",INVALID_TAXONOMY_GROUP:agricultores_familiares | MALFORMED_PROPOSITION_IDENTITY:number=1/year=2026_placeholder | NO_MATCH_TO_CURRENT_APPROVED_IMPACT_MATRIX,WITHHOLD_PENDING_EDITORIAL_REVIEW,
257,alrs:disp-e-sobre-a-garantia-de-exa,alrs,pl,1,2026,Dispõe sobre a garantia de exames genéticos e procedimentos de saúde para mulheres de alto risco de câncer de mama e ovário no Estado do Rio Grande do Sul e dá outras providências. (SEI 13012-0100/23-0),3,structural,"[{""group"": ""mulheres"", ""impact_direction"": ""positive"", ""defending_vote"": ""sim"", ""confidence"": 0.95}]",MALFORMED_PROPOSITION_IDENTITY:number=1/year=2026_placeholder | HEURISTIC_TEMPLATE_RATIONALE | WRONG_SEVERITY:3->2,KEEP_CORRECTED,"{""canonical_key"": ""alrs|pl|370|2023"", ""severity"": 2, ""structural_type"": ""structural"", ""assessments"": [{""group"": ""mulheres"", ""impact_direction"": ""positive"", ""defending_vote"": ""sim"", ""confidence"": 0.9}]}"
258,alrs:cria-a-gratifica-o-pelo-exerc,alrs,pl,1,2026,Cria a Gratificação pelo exercício da função de Secretário-Geral da Diretoria das Promotorias de Justiça.(SEI 5377.0100/20-2),4,structural,"[{""group"": ""meio_ambiente_clima"", ""impact_direction"": ""positive"", ""defending_vote"": ""sim"", ""confidence"": 0.9}]",INVALID_TAXONOMY_GROUP:meio_ambiente_clima | MALFORMED_PROPOSITION_IDENTITY:number=1/year=2026_placeholder | HEURISTIC_TEMPLATE_RATIONALE | NO_MATCH_TO_CURRENT_APPROVED_IMPACT_MATRIX,WITHHOLD_PENDING_EDITORIAL_REVIEW,
259,alrs:altera-a-lei-n-11-126-de-9-d,alrs,pl,1,2026,"Altera a Lei nº 11.126, de 9 de fevereiro de 1998, que implanta Plano de Desenvolvimento e Valorização do Ensino Público Estadual, dispõe sobre mecanismos de parceria e colaboração, institui Programa de Avaliação da Produtividade Docente, dispõe sobre vencimento e dá outras providências; e altera a Lei nº 6.672, de 22 de abril de 1974, que dispõe sobre o Estatuto e Plano de Carreira do Magistério",3,structural,"[{""group"": ""servidores_publicos"", ""impact_direction"": ""positive"", ""defending_vote"": ""sim"", ""confidence"": 0.92}]",INVALID_TAXONOMY_GROUP:servidores_publicos | MALFORMED_PROPOSITION_IDENTITY:number=1/year=2026_placeholder | HEURISTIC_TEMPLATE_RATIONALE | NO_MATCH_TO_CURRENT_APPROVED_IMPACT_MATRIX,WITHHOLD_PENDING_EDITORIAL_REVIEW,
260,alrs:estabelece-diretrizes-para-a-c,alrs,pl,1,2026,"Estabelece diretrizes para a criação do “Protocolo Não se Cale RS”  de enfrentamento e apoio às mulheres e meninas, vítimas de violência sexual ou assédio em estabelecimentos de lazer no âmbito do Estado do Rio Grande do Sul e dá outras providências. (SEI 3635-01.00/23-4)(Tramitação Conjunta com o PL 223/19)",4,structural,"[{""group"": ""mulheres"", ""impact_direction"": ""positive"", ""defending_vote"": ""sim"", ""confidence"": 0.95}]",MALFORMED_PROPOSITION_IDENTITY:number=1/year=2026_placeholder | HEURISTIC_TEMPLATE_RATIONALE | WRONG_SEVERITY:4->3,KEEP_CORRECTED,"{""canonical_key"": ""alrs|pl|43|2023"", ""severity"": 3, ""structural_type"": ""structural"", ""assessments"": [{""group"": ""mulheres"", ""impact_direction"": ""positive"", ""defending_vote"": ""sim"", ""confidence"": 0.9}]}"
261,alrs:altera-a-lei-n-15-223-de-5-d,alrs,pl,1,2026,"Altera a Lei nº 15.223, de 5 de setembro de 2018, que institui a Política Estadual de Desenvolvimento Sustentável da Pesca no Estado do Rio Grande do Sul e cria o Fundo Estadual da Pesca. (SEI 11616-0100/22-7)",3,budgetary,"[{""group"": ""saude_usuarios_sus"", ""impact_direction"": ""positive"", ""defending_vote"": ""sim"", ""confidence"": 0.9}]",INVALID_TAXONOMY_GROUP:saude_usuarios_sus | MALFORMED_PROPOSITION_IDENTITY:number=1/year=2026_placeholder | HEURISTIC_TEMPLATE_RATIONALE | NO_MATCH_TO_CURRENT_APPROVED_IMPACT_MATRIX,WITHHOLD_PENDING_EDITORIAL_REVIEW,
262,alrs:altera-a-resolu-o-n-3-046-,alrs,pl,1,2026,"Altera a Resolução n.º 3.046, de 27 de outubro de 2009, que institui o Prêmio Jovem Cientista a ser conferido, anualmente, pela Assembleia Legislativa do Estado do Rio Grande do Sul. (SEI 17767-01.00/23-9)",4,structural,"[{""group"": ""criancas_adolescentes_vulnerabilidade"", ""impact_direction"": ""positive"", ""defending_vote"": ""sim"", ""confidence"": 0.95}]",MALFORMED_PROPOSITION_IDENTITY:number=1/year=2026_placeholder | HEURISTIC_TEMPLATE_RATIONALE | NO_MATCH_TO_CURRENT_APPROVED_IMPACT_MATRIX,WITHHOLD_PENDING_EDITORIAL_REVIEW,
263,alrs:altera-a-lei-n-15-516-de-8-d,alrs,pl,1,2026,"Altera a Lei nº 15.516, de 8 de setembro de 2020, que estabelece o Plano de Cargos, Carreiras e Salários – PCCS – no Quadro de Pessoal de Provimento Efetivo dos Serviços Auxiliares do Ministério Público do Estado do Rio Grande do Sul; a Lei nº 11.332, de 07 de junho de 1999, que dispõe sobre as atribuições dos cargos em comissão e funções gratificadas da Procuradoria-Geral de Justiça; e a Lei nº 9",3,structural,"[{""group"": ""servidores_publicos"", ""impact_direction"": ""positive"", ""defending_vote"": ""sim"", ""confidence"": 0.92}]",INVALID_TAXONOMY_GROUP:servidores_publicos | MALFORMED_PROPOSITION_IDENTITY:number=1/year=2026_placeholder | HEURISTIC_TEMPLATE_RATIONALE | NO_MATCH_TO_CURRENT_APPROVED_IMPACT_MATRIX,WITHHOLD_PENDING_EDITORIAL_REVIEW,
264,alrs:altera-a-lei-n-7-877-de-28-d,alrs,pl,1,2026,"Altera a Lei nº 7.877, de 28 de dezembro de 1983, que dispõe sobre o Transporte de Cargas Perigosas no Estado do Rio Grande do Sul e dá outras providências. (SEI 15122-0100/23-4)",4,structural,"[{""group"": ""meio_ambiente_clima"", ""impact_direction"": ""positive"", ""defending_vote"": ""sim"", ""confidence"": 0.9}]",INVALID_TAXONOMY_GROUP:meio_ambiente_clima | MALFORMED_PROPOSITION_IDENTITY:number=1/year=2026_placeholder | HEURISTIC_TEMPLATE_RATIONALE | NO_MATCH_TO_CURRENT_APPROVED_IMPACT_MATRIX,WITHHOLD_PENDING_EDITORIAL_REVIEW,
265,alrs:disp-e-sobre-o-processo-admini,alrs,pl,1,2026,Dispõe sobre o processo administrativo no Estado do Rio Grande do Sul. (SEI 3916-0100/20-3),4,structural,"[{""group"": ""meio_ambiente_clima"", ""impact_direction"": ""positive"", ""defending_vote"": ""sim"", ""confidence"": 0.9}]",INVALID_TAXONOMY_GROUP:meio_ambiente_clima | MALFORMED_PROPOSITION_IDENTITY:number=1/year=2026_placeholder | HEURISTIC_TEMPLATE_RATIONALE | NO_MATCH_TO_CURRENT_APPROVED_IMPACT_MATRIX,WITHHOLD_PENDING_EDITORIAL_REVIEW,
266,alrs:disp-e-sobre-a-ouvidoria-legis,alrs,pl,1,2026,"Dispõe sobre a Ouvidoria Legislativa da Assembleia Legislativa do Estado do Rio Grande do Sul e altera a Resolução n.º 3.281, de 30 de outubro de 2025, que dispõe sobre o Regulamento Geral da Assembleia Legislativa do Estado do Rio Grande do Sul, nos termos do art. 267 da Resolução n.º 2.288, de 18 de janeiro de 1991 – Regimento Interno, e dá outras providências.",4,structural,"[{""group"": ""meio_ambiente_clima"", ""impact_direction"": ""positive"", ""defending_vote"": ""sim"", ""confidence"": 0.9}]",INVALID_TAXONOMY_GROUP:meio_ambiente_clima | MALFORMED_PROPOSITION_IDENTITY:number=1/year=2026_placeholder | HEURISTIC_TEMPLATE_RATIONALE | NO_MATCH_TO_CURRENT_APPROVED_IMPACT_MATRIX,WITHHOLD_PENDING_EDITORIAL_REVIEW,
267,alrs:altera-a-lei-n-15-651-de-17-,alrs,pl,1,2026,"Altera a Lei nº 15.651, de 17 de junho de 2021, que dispõe sobre incentivos a projetos de reciclagem no âmbito do Programa de Incentivo à Inclusão e Promoção Social - Pró-Social/RS, instituído pela Lei nº 11.853, de 29 de novembro de 2002, e dá outras providências, a Lei nº 11.853, de 29 de novembro de 2002, que institui o Programa de Apoio à Inclusão e Promoção Social e dá outras providências e a",4,structural,"[{""group"": ""meio_ambiente_clima"", ""impact_direction"": ""positive"", ""defending_vote"": ""sim"", ""confidence"": 0.9}]",INVALID_TAXONOMY_GROUP:meio_ambiente_clima | MALFORMED_PROPOSITION_IDENTITY:number=1/year=2026_placeholder | HEURISTIC_TEMPLATE_RATIONALE | NO_MATCH_TO_CURRENT_APPROVED_IMPACT_MATRIX,WITHHOLD_PENDING_EDITORIAL_REVIEW,
268,alrs:cria-o-comit-extraordin-rio-d,alrs,pl,1,2026,"Cria o Comitê Extraordinário de Acompanhamento e Reconstrução do Estado do Rio Grande do Sul, em consequência do estado de calamidade pública decorrente dos eventos climáticos ocorridos a partir de 24 de abril de 2024, e dá outras providências.",4,structural,"[{""group"": ""meio_ambiente_clima"", ""impact_direction"": ""positive"", ""defending_vote"": ""sim"", ""confidence"": 0.9}]",INVALID_TAXONOMY_GROUP:meio_ambiente_clima | MALFORMED_PROPOSITION_IDENTITY:number=1/year=2026_placeholder | HEURISTIC_TEMPLATE_RATIONALE | NO_MATCH_TO_CURRENT_APPROVED_IMPACT_MATRIX,WITHHOLD_PENDING_EDITORIAL_REVIEW,
269,alrs:altera-a-lei-n-4-662-de-20-d,alrs,pl,1,2026,"Altera a Lei nº 4.662, de 20 de dezembro de 1963, que autoriza doação de um imóvel à Sociedade dos Surdos-Mudos do Rio Grande do Sul. (SEI 12932-01.00/23-0)",4,structural,"[{""group"": ""meio_ambiente_clima"", ""impact_direction"": ""positive"", ""defending_vote"": ""sim"", ""confidence"": 0.9}]",INVALID_TAXONOMY_GROUP:meio_ambiente_clima | MALFORMED_PROPOSITION_IDENTITY:number=1/year=2026_placeholder | HEURISTIC_TEMPLATE_RATIONALE | NO_MATCH_TO_CURRENT_APPROVED_IMPACT_MATRIX,WITHHOLD_PENDING_EDITORIAL_REVIEW,
270,alrs:disp-e-sobre-a-prescri-o-elet,alrs,pl,1,2026,"Dispõe sobre a prescrição eletrônica no âmbito do Estado do Rio Grande do Sul e dá outras providências.(SEI 
4974-0100/21-4)",4,structural,"[{""group"": ""meio_ambiente_clima"", ""impact_direction"": ""positive"", ""defending_vote"": ""sim"", ""confidence"": 0.9}]",INVALID_TAXONOMY_GROUP:meio_ambiente_clima | MALFORMED_PROPOSITION_IDENTITY:number=1/year=2026_placeholder | HEURISTIC_TEMPLATE_RATIONALE | NO_MATCH_TO_CURRENT_APPROVED_IMPACT_MATRIX,WITHHOLD_PENDING_EDITORIAL_REVIEW,
271,alrs:pl-172-2026-diretrizes-para-,alrs,pl,1,2026,Dispõe sobre as diretrizes para a elaboração da Lei Orçamentária para o exercício econômico-financeiro de 2027 e dá outras providências.,3,budgetary,"[{""group"": ""servidores_publicos"", ""impact_direction"": ""positive"", ""defending_vote"": ""sim"", ""confidence"": 0.92}]",INVALID_TAXONOMY_GROUP:servidores_publicos | MALFORMED_PROPOSITION_IDENTITY:number=1/year=2026_placeholder | HEURISTIC_TEMPLATE_RATIONALE | NO_MATCH_TO_CURRENT_APPROVED_IMPACT_MATRIX,WITHHOLD_PENDING_EDITORIAL_REVIEW,
272,alrs:altera-a-al-nea-b-do-inciso-i,alrs,pl,1,2026,"Altera a alínea b, do inciso II do art. 1º da Lei nº 15.766, de 20 de dezembro de 2021, que dispõe sobre a parcela do produto da arrecadação do Imposto sobre Operações Relativas à Circulação de Mercadorias e sobre Prestações de Serviços de Transporte Interestadual e de Comunicação (ICMS pertencente aos municípios).",2,structural,"[{""group"": ""micro_pequenos_empreendedores"", ""impact_direction"": ""positive"", ""defending_vote"": ""sim"", ""confidence"": 0.88}]",INVALID_TAXONOMY_GROUP:micro_pequenos_empreendedores | MALFORMED_PROPOSITION_IDENTITY:number=1/year=2026_placeholder | NO_MATCH_TO_CURRENT_APPROVED_IMPACT_MATRIX,WITHHOLD_PENDING_EDITORIAL_REVIEW,
273,alrs:disp-e-sobre-o-programa-de-def,alrs,pl,1,2026,Dispõe sobre o Programa de Defesa e Amparo à Vítima.(SEI 17608-0100/23-2),4,structural,"[{""group"": ""criancas_adolescentes_vulnerabilidade"", ""impact_direction"": ""positive"", ""defending_vote"": ""sim"", ""confidence"": 0.95}]",MALFORMED_PROPOSITION_IDENTITY:number=1/year=2026_placeholder,KEEP_CORRECTED,"{""canonical_key"": ""alrs|pl|587|2023"", ""severity"": 4, ""structural_type"": ""structural"", ""assessments"": [{""group"": ""criancas_adolescentes_vulnerabilidade"", ""impact_direction"": ""positive"", ""defending_vote"": ""sim"", ""confidence"": 0.94}]}"
274,alrs:altera-a-lei-n-8-109-de-19-d,alrs,pl,1,2026,"Altera a Lei nº 8.109, de 19 de dezembro de 1985, que dispõe sobre a Taxa de Serviços Diversos. (ePRO 109084/2023)",3,budgetary,"[{""group"": ""servidores_publicos"", ""impact_direction"": ""positive"", ""defending_vote"": ""sim"", ""confidence"": 0.92}]",INVALID_TAXONOMY_GROUP:servidores_publicos | MALFORMED_PROPOSITION_IDENTITY:number=1/year=2026_placeholder | HEURISTIC_TEMPLATE_RATIONALE | NO_MATCH_TO_CURRENT_APPROVED_IMPACT_MATRIX,WITHHOLD_PENDING_EDITORIAL_REVIEW,
275,alrs:altera-a-lei-n-15-766-de-20,alrs,pl,1,2026,"Altera a Lei n.º 15.766, de 20 de dezembro de 2021, que dispõe sobre a parcela do produto da arrecadação do Imposto sobre Operações Relativas à Circulação de Mercadorias e sobre Prestações de Serviços de Transporte Interestadual e Intermunicipal e de Comunicação – ICMS – pertencente aos municípios.",3,budgetary,"[{""group"": ""servidores_publicos"", ""impact_direction"": ""positive"", ""defending_vote"": ""sim"", ""confidence"": 0.92}]",INVALID_TAXONOMY_GROUP:servidores_publicos | MALFORMED_PROPOSITION_IDENTITY:number=1/year=2026_placeholder | HEURISTIC_TEMPLATE_RATIONALE | NO_MATCH_TO_CURRENT_APPROVED_IMPACT_MATRIX,WITHHOLD_PENDING_EDITORIAL_REVIEW,
276,alrs:cria-o-fundo-estadual-de-prote,alrs,pl,1,2026,Cria o Fundo Estadual de Proteção e Bem-estar de Animais Domésticos. (Tramitação conjunta com o PL 212/2024),4,structural,"[{""group"": ""meio_ambiente_clima"", ""impact_direction"": ""positive"", ""defending_vote"": ""sim"", ""confidence"": 0.9}]",INVALID_TAXONOMY_GROUP:meio_ambiente_clima | MALFORMED_PROPOSITION_IDENTITY:number=1/year=2026_placeholder | NO_MATCH_TO_CURRENT_APPROVED_IMPACT_MATRIX,WITHHOLD_PENDING_EDITORIAL_REVIEW,
277,alrs:institui-a-pol-tica-de-combate,alrs,pl,1,2026,Institui a Política de combate ao abigeato e aos crimes em áreas rurais.(SEI 7452-0100/20-8),3,structural,"[{""group"": ""agricultores_familiares"", ""impact_direction"": ""positive"", ""defending_vote"": ""sim"", ""confidence"": 0.88}]",INVALID_TAXONOMY_GROUP:agricultores_familiares | MALFORMED_PROPOSITION_IDENTITY:number=1/year=2026_placeholder | NO_MATCH_TO_CURRENT_APPROVED_IMPACT_MATRIX,WITHHOLD_PENDING_EDITORIAL_REVIEW,
278,alrs:altera-a-lei-n-15-535-de-21-,alrs,pl,1,2026,"Altera a Lei nº 15.535, de 21 de outubro de 2020, que autoriza o Poder Executivo a antecipar os repasses de recursos vinculados ao Programa Passe Livre Estudantil, de que trata a Lei nº 14.307, de 25 de setembro de 2013, que institui o Programa Passe Livre Estudantil e cria o Fundo Estadual do Passe Livre Estudantil, para as concessionárias do Sistema Estadual de Transporte Metropolitano Coletivo",3,structural,"[{""group"": ""educacao_estudantes"", ""impact_direction"": ""positive"", ""defending_vote"": ""sim"", ""confidence"": 0.92}]",INVALID_TAXONOMY_GROUP:educacao_estudantes | MALFORMED_PROPOSITION_IDENTITY:number=1/year=2026_placeholder | NO_MATCH_TO_CURRENT_APPROVED_IMPACT_MATRIX,WITHHOLD_PENDING_EDITORIAL_REVIEW,
279,alrs:altera-a-lei-n-10-600-de-26-,alrs,pl,1,2026,"Altera a Lei nº 10.600, de 26 de dezembro de 1995, que institui a Caixa de Administração da Dívida Pública Estadual S. A. – CADIP. (Prazo Fatal: 11/12/2024)",3,budgetary,"[{""group"": ""servidores_publicos"", ""impact_direction"": ""positive"", ""defending_vote"": ""sim"", ""confidence"": 0.92}]",INVALID_TAXONOMY_GROUP:servidores_publicos | MALFORMED_PROPOSITION_IDENTITY:number=1/year=2026_placeholder | HEURISTIC_TEMPLATE_RATIONALE | NO_MATCH_TO_CURRENT_APPROVED_IMPACT_MATRIX,WITHHOLD_PENDING_EDITORIAL_REVIEW,
280,alrs:altera-a-lei-n-15-488-de-17-,alrs,pl,1,2026,"Altera a Lei nº 15.488, de 17 de julho  de 2020, que dispõe sobre as diretrizes para a elaboração da Lei Orçamentária para o exercício econômico-financeiro de 2021 e dá outras providências. (SEI 1206-0100/21-8)",3,budgetary,"[{""group"": ""servidores_publicos"", ""impact_direction"": ""positive"", ""defending_vote"": ""sim"", ""confidence"": 0.92}]",INVALID_TAXONOMY_GROUP:servidores_publicos | MALFORMED_PROPOSITION_IDENTITY:number=1/year=2026_placeholder | HEURISTIC_TEMPLATE_RATIONALE | NO_MATCH_TO_CURRENT_APPROVED_IMPACT_MATRIX,WITHHOLD_PENDING_EDITORIAL_REVIEW,
281,alrs:altera-a-lei-n-11-169-de-08,alrs,pl,1,2026,"Altera a Lei n.º 11.169, de 08 de junho de 1998, que dispõe sobre a produção, circulação e comercialização da carne ovina, lã e seus derivados, cria o Fundo de Desenvolvimento da Ovinocultura do Estado - FUNDOVINOS, introduz modificações na Lei n.º 8.109, de 19 de dezembro de 1985, que dispõe sobre a Taxa de Serviços Diversos, e dá outras providências.(SEI 5825.0100/20-9)",3,budgetary,"[{""group"": ""servidores_publicos"", ""impact_direction"": ""positive"", ""defending_vote"": ""sim"", ""confidence"": 0.92}]",INVALID_TAXONOMY_GROUP:servidores_publicos | MALFORMED_PROPOSITION_IDENTITY:number=1/year=2026_placeholder | HEURISTIC_TEMPLATE_RATIONALE | NO_MATCH_TO_CURRENT_APPROVED_IMPACT_MATRIX,WITHHOLD_PENDING_EDITORIAL_REVIEW,
282,alrs:altera-a-lei-n-8-115-de-30-d,alrs,pl,1,2026,"Altera a Lei nº 8.115, de 30 de dezembro de 1985, que Institui o Imposto sobre a Propriedade de Veículos Automotores. (SEI 14340-01.00/23-1)",3,budgetary,"[{""group"": ""servidores_publicos"", ""impact_direction"": ""positive"", ""defending_vote"": ""sim"", ""confidence"": 0.92}]",INVALID_TAXONOMY_GROUP:servidores_publicos | MALFORMED_PROPOSITION_IDENTITY:number=1/year=2026_placeholder | HEURISTIC_TEMPLATE_RATIONALE | NO_MATCH_TO_CURRENT_APPROVED_IMPACT_MATRIX,WITHHOLD_PENDING_EDITORIAL_REVIEW,
283,alrs:altera-a-lei-n-8-820-de-27-d,alrs,pl,1,2026,"Altera a Lei nº 8.820, de 27 de janeiro de 1989, que institui o Imposto sobre Operações Relativas à Circulação de Mercadorias e sobre Prestações de Serviços de Transporte Interestadual e Intermunicipal e de Comunicação e dá outras providências.",3,budgetary,"[{""group"": ""servidores_publicos"", ""impact_direction"": ""positive"", ""defending_vote"": ""sim"", ""confidence"": 0.92}]",INVALID_TAXONOMY_GROUP:servidores_publicos | MALFORMED_PROPOSITION_IDENTITY:number=1/year=2026_placeholder | HEURISTIC_TEMPLATE_RATIONALE | NO_MATCH_TO_CURRENT_APPROVED_IMPACT_MATRIX,WITHHOLD_PENDING_EDITORIAL_REVIEW,
284,alrs:altera-a-lei-n-15-668-de-27-,alrs,pl,1,2026,"Altera a Lei nº 15.668, de 27 de julho de 2021, que dispõe sobre as diretrizes para a elaboração da Lei Orçamentária para o exercício econômico-financeiro de 2022 e dá outras providências.(SEI 3512-0100/22-6)",3,budgetary,"[{""group"": ""servidores_publicos"", ""impact_direction"": ""positive"", ""defending_vote"": ""sim"", ""confidence"": 0.92}]",INVALID_TAXONOMY_GROUP:servidores_publicos | MALFORMED_PROPOSITION_IDENTITY:number=1/year=2026_placeholder | HEURISTIC_TEMPLATE_RATIONALE | NO_MATCH_TO_CURRENT_APPROVED_IMPACT_MATRIX,WITHHOLD_PENDING_EDITORIAL_REVIEW,
285,alrs:altera-a-lei-n-11-127-de-09-,alrs,pl,1,2026,"Altera a Lei nº 11.127, de 09 de fevereiro de 1998, que institui o Sistema Estadual de Transporte Metropolitano Coletivo de Passageiros - SETM, cria o Conselho Estadual de Transporte Metropolitano Coletivo de Passageiros - CETM e dá outras providências, e a Lei nº 8.109, de 19 de dezembro de 1985, que dispõe sobre a Taxa de Serviços Diversos.",3,budgetary,"[{""group"": ""servidores_publicos"", ""impact_direction"": ""positive"", ""defending_vote"": ""sim"", ""confidence"": 0.92}]",INVALID_TAXONOMY_GROUP:servidores_publicos | MALFORMED_PROPOSITION_IDENTITY:number=1/year=2026_placeholder | HEURISTIC_TEMPLATE_RATIONALE | NO_MATCH_TO_CURRENT_APPROVED_IMPACT_MATRIX,WITHHOLD_PENDING_EDITORIAL_REVIEW,
286,alrs:cria-o-programa-de-regulariza-,alrs,pl,1,2026,"Cria o Programa de Regularização para mitigação dos efeitos da pandemia de Covid-19 sobre o setor de transporte intermunicipal de passageiros, autorizando o parcelamento da taxa prevista no Título IX da Tabela de Incidência do Anexo à Lei Estadual nº 8.109, de 19 de dezembro de 1985 e dá outras providências. (SEI 10246-01.00/21-4)",3,budgetary,"[{""group"": ""servidores_publicos"", ""impact_direction"": ""positive"", ""defending_vote"": ""sim"", ""confidence"": 0.92}]",INVALID_TAXONOMY_GROUP:servidores_publicos | MALFORMED_PROPOSITION_IDENTITY:number=1/year=2026_placeholder | HEURISTIC_TEMPLATE_RATIONALE | NO_MATCH_TO_CURRENT_APPROVED_IMPACT_MATRIX,WITHHOLD_PENDING_EDITORIAL_REVIEW,
287,alrs:disp-e-sobre-a-parcela-do-prod,alrs,pl,1,2026,Dispõe sobre a parcela do produto da arrecadação do Imposto sobre Operações Relativas à Circulação de Mercadorias e sobre Prestações de Serviços de Transporte Interestadual e Intermunicipal e de Comunicação (ICMS) pertencente aos municípios. (SEI 9254-0100/21-0),3,budgetary,"[{""group"": ""servidores_publicos"", ""impact_direction"": ""positive"", ""defending_vote"": ""sim"", ""confidence"": 0.92}]",INVALID_TAXONOMY_GROUP:servidores_publicos | MALFORMED_PROPOSITION_IDENTITY:number=1/year=2026_placeholder | HEURISTIC_TEMPLATE_RATIONALE | NO_MATCH_TO_CURRENT_APPROVED_IMPACT_MATRIX,WITHHOLD_PENDING_EDITORIAL_REVIEW,
288,alrs:institui-o-aux-lio-emergencial,alrs,pl,1,2026,"Institui o auxílio emergencial de apoio à atividade econômica e de proteção social, bem como estabelece medidas excepcionais de enfrentamento às consequências econômicas e sociais decorrentes da pandemia de COVID-19. (SEI 3197-0100/21-3)",4,structural,"[{""group"": ""criancas_adolescentes_vulnerabilidade"", ""impact_direction"": ""positive"", ""defending_vote"": ""sim"", ""confidence"": 0.95}]",MALFORMED_PROPOSITION_IDENTITY:number=1/year=2026_placeholder | NO_MATCH_TO_CURRENT_APPROVED_IMPACT_MATRIX,WITHHOLD_PENDING_EDITORIAL_REVIEW,
289,alrs:altera-a-lei-8-109-de-19-de-d,alrs,pl,1,2026,"Altera a Lei 8.109, de 19 de dezembro de 1985, que dispõe sobre a Taxa de Serviços Diversos.",3,budgetary,"[{""group"": ""servidores_publicos"", ""impact_direction"": ""positive"", ""defending_vote"": ""sim"", ""confidence"": 0.92}]",INVALID_TAXONOMY_GROUP:servidores_publicos | MALFORMED_PROPOSITION_IDENTITY:number=1/year=2026_placeholder | HEURISTIC_TEMPLATE_RATIONALE | NO_MATCH_TO_CURRENT_APPROVED_IMPACT_MATRIX,WITHHOLD_PENDING_EDITORIAL_REVIEW,
290,alrs:pl-371-2023,alrs,pl,371,2023,Cria o Programa Estadual de Proteção e Apoio à Mulher Vítima de Violência Doméstica,4,structural,"[{""group"": ""mulheres"", ""impact_direction"": ""positive"", ""defending_vote"": ""sim"", ""confidence"": 0.98}]",WRONG_SEVERITY:4->3,KEEP_CORRECTED,"{""canonical_key"": ""alrs|pl|371|2023"", ""severity"": 3, ""structural_type"": ""structural"", ""assessments"": [{""group"": ""mulheres"", ""impact_direction"": ""positive"", ""defending_vote"": ""sim"", ""confidence"": 0.9}]}"
291,alrs:pl-98-2024,alrs,pl,98,2024,Altera a Lei nº 15.988/2023 de proteção às mulheres vítimas de violência,4,structural,"[{""group"": ""mulheres"", ""impact_direction"": ""positive"", ""defending_vote"": ""sim"", ""confidence"": 0.98}]",NO_JUDGMENT_ERROR_DETECTED,KEEP_CORRECTED,"{""canonical_key"": ""alrs|pl|98|2024"", ""severity"": 4, ""structural_type"": ""structural"", ""assessments"": [{""group"": ""mulheres"", ""impact_direction"": ""positive"", ""defending_vote"": ""sim"", ""confidence"": 0.96}]}"
292,alrs:pl-554-2023,alrs,pl,554,2023,Altera a Lei nº 15.988/2023 ampliando assistência jurídica e psicológica gratuita às mulheres vítimas,4,structural,"[{""group"": ""mulheres"", ""impact_direction"": ""positive"", ""defending_vote"": ""sim"", ""confidence"": 0.98}]",WRONG_SEVERITY:4->3,KEEP_CORRECTED,"{""canonical_key"": ""alrs|pl|554|2023"", ""severity"": 3, ""structural_type"": ""structural"", ""assessments"": [{""group"": ""mulheres"", ""impact_direction"": ""positive"", ""defending_vote"": ""sim"", ""confidence"": 0.9}]}"
293,alrs:pl-424-2024,alrs,pl,424,2024,Criação da Patrulha Estadual de Prevenção à Violência Doméstica contra Crianças e Adolescentes,4,structural,"[{""group"": ""criancas_adolescentes_vulnerabilidade"", ""impact_direction"": ""positive"", ""defending_vote"": ""sim"", ""confidence"": 0.98}]",NO_JUDGMENT_ERROR_DETECTED,KEEP_CORRECTED,"{""canonical_key"": ""alrs|pl|424|2024"", ""severity"": 4, ""structural_type"": ""structural"", ""assessments"": [{""group"": ""criancas_adolescentes_vulnerabilidade"", ""impact_direction"": ""positive"", ""defending_vote"": ""sim"", ""confidence"": 0.98}]}"
294,alrs:pl-10-2022,alrs,pl,10,2022,Política Estadual de Proteção Social às Crianças e aos Adolescentes em situação de orfandade,4,structural,"[{""group"": ""criancas_adolescentes_vulnerabilidade"", ""impact_direction"": ""positive"", ""defending_vote"": ""sim"", ""confidence"": 0.98}]",NO_JUDGMENT_ERROR_DETECTED,KEEP_CORRECTED,"{""canonical_key"": ""alrs|pl|10|2022"", ""severity"": 4, ""structural_type"": ""structural"", ""assessments"": [{""group"": ""criancas_adolescentes_vulnerabilidade"", ""impact_direction"": ""positive"", ""defending_vote"": ""sim"", ""confidence"": 0.99}]}"
295,alrs:pl-100-2025,alrs,pl,100,2025,Política Estadual de Proteção dos Direitos da Pessoa com Fibromialgia (Lei Daniel Lenz),3,structural,"[{""group"": ""pessoas_com_deficiencia"", ""impact_direction"": ""positive"", ""defending_vote"": ""sim"", ""confidence"": 0.95}]",WRONG_SEVERITY:3->2,KEEP_CORRECTED,"{""canonical_key"": ""alrs|pl|100|2025"", ""severity"": 2, ""structural_type"": ""structural"", ""assessments"": [{""group"": ""pessoas_com_deficiencia"", ""impact_direction"": ""positive"", ""defending_vote"": ""sim"", ""confidence"": 0.98}]}"
296,alrs:pl-238-2026,alrs,pl,238,2026,Programa Estadual de Apoio ao Transporte Escolar Rural (PEATE/RS),3,structural,"[{""group"": ""criancas_adolescentes_vulnerabilidade"", ""impact_direction"": ""positive"", ""defending_vote"": ""sim"", ""confidence"": 0.95}]",NO_MATCH_TO_CURRENT_APPROVED_IMPACT_MATRIX,WITHHOLD_PENDING_EDITORIAL_REVIEW,
297,alrs:pl-140-2022,alrs,pl,140,2022,Conselho Estadual de Acompanhamento e Controle Social do FUNDEB (CACS-Fundeb),3,structural,"[{""group"": ""criancas_adolescentes_vulnerabilidade"", ""impact_direction"": ""positive"", ""defending_vote"": ""sim"", ""confidence"": 0.95}]",NO_MATCH_TO_CURRENT_APPROVED_IMPACT_MATRIX,WITHHOLD_PENDING_EDITORIAL_REVIEW,
298,alrs:pl-146-2024,alrs,pl,146,2024,Política Estadual de Habitação de Interesse Social (PEHIS) para População de Baixa Renda e Periferias,4,structural,"[{""group"": ""populacao_negra_periferica"", ""impact_direction"": ""positive"", ""defending_vote"": ""sim"", ""confidence"": 0.96}]",NO_MATCH_TO_CURRENT_APPROVED_IMPACT_MATRIX,WITHHOLD_PENDING_EDITORIAL_REVIEW,
299,alrs:pl-389-2023,alrs,pl,389,2023,Laudo Médico por Prazo Indeterminado para Diabetes Mellitus Tipo 1 (DM1),3,structural,"[{""group"": ""pessoas_com_deficiencia"", ""impact_direction"": ""positive"", ""defending_vote"": ""sim"", ""confidence"": 0.95}]",NO_MATCH_TO_CURRENT_APPROVED_IMPACT_MATRIX,WITHHOLD_PENDING_EDITORIAL_REVIEW,
300,alrs:pl-278-2025,alrs,pl,278,2025,Programa Passe Fácil Estudantil para Jovens e Estudantes de Baixa Renda,3,structural,"[{""group"": ""criancas_adolescentes_vulnerabilidade"", ""impact_direction"": ""positive"", ""defending_vote"": ""sim"", ""confidence"": 0.95}]",NO_MATCH_TO_CURRENT_APPROVED_IMPACT_MATRIX,WITHHOLD_PENDING_EDITORIAL_REVIEW,
301,alrs:pl-367-2024,alrs,pl,367,2024,Programa de Policiais Civis Aposentados para Atendimento a Mulheres e Grupos Vulneráveis,3,structural,"[{""group"": ""mulheres"", ""impact_direction"": ""positive"", ""defending_vote"": ""sim"", ""confidence"": 0.95}]",NO_MATCH_TO_CURRENT_APPROVED_IMPACT_MATRIX,WITHHOLD_PENDING_EDITORIAL_REVIEW,
302,alrs:pl-77-2023,alrs,pl,77,2023,Garantia de Direitos e Fiscalização Trabalhista de Terceirizados e Prestadores de Serviços,3,structural,"[{""group"": ""trabalhadores_informais"", ""impact_direction"": ""positive"", ""defending_vote"": ""sim"", ""confidence"": 0.95}]",NO_MATCH_TO_CURRENT_APPROVED_IMPACT_MATRIX,WITHHOLD_PENDING_EDITORIAL_REVIEW,
303,alrs:pl-332-2025,alrs,pl,332,2025,Política Agrícola Estadual para Fortalecimento da Agricultura Familiar e Agroecologia,3,structural,"[{""group"": ""agricultura_familiar_sem_terra"", ""impact_direction"": ""positive"", ""defending_vote"": ""sim"", ""confidence"": 0.95}]",NO_MATCH_TO_CURRENT_APPROVED_IMPACT_MATRIX,WITHHOLD_PENDING_EDITORIAL_REVIEW,
304,camara:pl-2898-2025,camara,pl,2898,2025,Combate Rigoroso a Crimes Ambientais e Queimadas em Terras Indígenas e Preservadas,4,structural,"[{""group"": ""povos_indigenas"", ""impact_direction"": ""positive"", ""defending_vote"": ""sim"", ""confidence"": 0.95}]",NO_MATCH_TO_CURRENT_APPROVED_IMPACT_MATRIX,WITHHOLD_PENDING_EDITORIAL_REVIEW,
305,alrs:pl-290-2023,alrs,pl,290,2023,"Dispõe sobre o reajuste dos pisos salariais no âmbito do Estado do Rio Grande do Sul, para as categorias profissionais que menciona, com fundamento na Lei Complementar Federal nº 103, de 14 de julho de 2000, que autoriza os Estados e o Distrito Federal a instituir o piso salarial a que se refere o inciso V do art. 7º da Constituição Federal, por aplicação do disposto no parágrafo único do seu art.",4,structural,"[{""group"": ""trabalhadores_informais"", ""impact_direction"": ""positive"", ""defending_vote"": ""sim"", ""confidence"": 0.96}]",HEURISTIC_TEMPLATE_RATIONALE | NO_MATCH_TO_CURRENT_APPROVED_IMPACT_MATRIX,WITHHOLD_PENDING_EDITORIAL_REVIEW,
306,alrs:pl-8-2023,alrs,pl,8,2023,Institui o “Selo Igualdade Racial” no Estado do Rio Grande do Sul e dá outras providências.,4,structural,"[{""group"": ""populacao_negra_periferica"", ""impact_direction"": ""positive"", ""defending_vote"": ""sim"", ""confidence"": 0.96}]",WRONG_SEVERITY:4->2 | WRONG_STRUCTURAL_TYPE:structural->symbolic,KEEP_CORRECTED,"{""canonical_key"": ""alrs|pl|8|2023"", ""severity"": 2, ""structural_type"": ""symbolic"", ""assessments"": [{""group"": ""populacao_negra_periferica"", ""impact_direction"": ""positive"", ""defending_vote"": ""sim"", ""confidence"": 0.9}]}"
307,alrs:pl-386-2023,alrs,pl,386,2023,"Dispõe sobre o Sistema Único de Assistência Social - SUAS no Estado do Rio Grande do Sul, altera a Lei nº. 10.719, de 17 de janeiro de 1996, que cria o Fundo Estadual de Assistência Social, e a Lei nº. 10.716, de 16 de janeiro de 1996, que cria o Conselho Estadual de Assistência Social. (SEI 13599-0100/23-4)",4,structural,"[{""group"": ""populacao_rua"", ""impact_direction"": ""positive"", ""defending_vote"": ""sim"", ""confidence"": 0.96}]",NO_MATCH_TO_CURRENT_APPROVED_IMPACT_MATRIX,WITHHOLD_PENDING_EDITORIAL_REVIEW,
308,alrs:pl-364-2023,alrs,pl,364,2023,"Autoriza o Poder Executivo a contratar professores, especialistas de educação e servidores de escola em caráter emergencial e temporário para atender necessidade temporária de excepcional interesse público. (SEI 12933-0100/23-2)",4,structural,"[{""group"": ""criancas_adolescentes_vulnerabilidade"", ""impact_direction"": ""positive"", ""defending_vote"": ""sim"", ""confidence"": 0.96}]",NO_MATCH_TO_CURRENT_APPROVED_IMPACT_MATRIX,WITHHOLD_PENDING_EDITORIAL_REVIEW,
309,alrs:pl-2-2023,alrs,pl,2,2023,Dispõe sobre o direito das mulheres a acompanhante em procedimentos de saúde nos estabelecimentos públicos e privados do Estado do Rio Grande do Sul. (SEI 3146-0100/23-8),4,structural,"[{""group"": ""mulheres"", ""impact_direction"": ""positive"", ""defending_vote"": ""sim"", ""confidence"": 0.96}]",WRONG_SEVERITY:4->2,KEEP_CORRECTED,"{""canonical_key"": ""alrs|pl|2|2023"", ""severity"": 2, ""structural_type"": ""structural"", ""assessments"": [{""group"": ""mulheres"", ""impact_direction"": ""positive"", ""defending_vote"": ""sim"", ""confidence"": 0.9}]}"
310,alrs:pl-357-2024,alrs,pl,357,2024,"Dispõe sobre o reajuste dos pisos salariais no âmbito do Estado do Rio Grande do Sul, para as categorias profissionais que menciona, com fundamento na Lei Complementar Federal nº 103, de 14 de julho de 2000, que autoriza os Estados e o Distrito Federal a instituir o piso salarial a que se refere o inciso V do art. 7º da Constituição Federal, por aplicação do disposto no parágrafo único do seu art.",4,structural,"[{""group"": ""trabalhadores_informais"", ""impact_direction"": ""positive"", ""defending_vote"": ""sim"", ""confidence"": 0.96}]",HEURISTIC_TEMPLATE_RATIONALE | NO_MATCH_TO_CURRENT_APPROVED_IMPACT_MATRIX,WITHHOLD_PENDING_EDITORIAL_REVIEW,
311,alrs:pl-309-2024,alrs,pl,309,2024,"Autoriza a concessão de subsídio tarifário extraordinário às concessionárias prestadoras do serviço público de transporte coletivo de passageiros metropolitano e de aglomerados urbanos do Estado; altera a Lei nº 15.535, de 21 de outubro de 2020, que autoriza o Poder Executivo a antecipar os repasses de recursos vinculados ao Programa Passe Livre Estudantil, de que trata a Lei nº 14.307, de 25 de s",4,structural,"[{""group"": ""criancas_adolescentes_vulnerabilidade"", ""impact_direction"": ""positive"", ""defending_vote"": ""sim"", ""confidence"": 0.96}]",NO_MATCH_TO_CURRENT_APPROVED_IMPACT_MATRIX,WITHHOLD_PENDING_EDITORIAL_REVIEW,
312,alrs:pl-499-2023,alrs,pl,499,2023,"“Dispõe sobre o fornecimento de protetor auricular para crianças diagnosticadas com transtorno do espectro autista - TEA, no âmbito do Estado do Rio Grande do Sul”. (SEI 15966-0100/23-8)",4,structural,"[{""group"": ""criancas_adolescentes_vulnerabilidade"", ""impact_direction"": ""positive"", ""defending_vote"": ""sim"", ""confidence"": 0.96}]",JUDGMENT_MISMATCH_WITH_CORRECTED_MATRIX | WRONG_SEVERITY:4->3,KEEP_CORRECTED,"{""canonical_key"": ""alrs|pl|499|2023"", ""severity"": 3, ""structural_type"": ""structural"", ""assessments"": [{""group"": ""criancas_adolescentes_vulnerabilidade"", ""impact_direction"": ""positive"", ""defending_vote"": ""sim"", ""confidence"": 0.9}, {""group"": ""pessoas_com_deficiencia"", ""impact_direction"": ""positive"", ""defending_vote"": ""sim"", ""confidence"": 0.97}]}"
313,alrs:pl-296-2023,alrs,pl,296,2023,Equipara as pessoas com fibromialgia às pessoas com deficiência.(SEI 11167-01.00/23-6),4,structural,"[{""group"": ""pessoas_com_deficiencia"", ""impact_direction"": ""positive"", ""defending_vote"": ""sim"", ""confidence"": 0.96}]",WRONG_SEVERITY:4->3,KEEP_CORRECTED,"{""canonical_key"": ""alrs|pl|296|2023"", ""severity"": 3, ""structural_type"": ""structural"", ""assessments"": [{""group"": ""pessoas_com_deficiencia"", ""impact_direction"": ""positive"", ""defending_vote"": ""sim"", ""confidence"": 0.9}]}"
314,alrs:pl-234-2023,alrs,pl,234,2023,"Introduz modificação na Lei nº 13.320, de 21 de dezembro de 2009, que consolida a legislação relativa à pessoa com deficiência no Estado do Rio Grande do Sul, para estabelecer que os pacientes transplantados terão os mesmos direitos das pessoas com deficiência. (SEI 8478-0100/23-0)
 
",4,structural,"[{""group"": ""pessoas_com_deficiencia"", ""impact_direction"": ""positive"", ""defending_vote"": ""sim"", ""confidence"": 0.96}]",WRONG_SEVERITY:4->3,KEEP_CORRECTED,"{""canonical_key"": ""alrs|pl|234|2023"", ""severity"": 3, ""structural_type"": ""structural"", ""assessments"": [{""group"": ""pessoas_com_deficiencia"", ""impact_direction"": ""positive"", ""defending_vote"": ""sim"", ""confidence"": 0.9}]}"
315,alrs:pl-343-2023,alrs,pl,343,2023,Cria o Selo Empresa Amiga do Trabalhador. (SEI 11921-01.00/23-8),4,structural,"[{""group"": ""trabalhadores_informais"", ""impact_direction"": ""positive"", ""defending_vote"": ""sim"", ""confidence"": 0.96}]",NO_MATCH_TO_CURRENT_APPROVED_IMPACT_MATRIX,WITHHOLD_PENDING_EDITORIAL_REVIEW,
316,alrs:pl-185-2025,alrs,pl,185,2025,"Dispõe sobre o reajuste dos pisos salariais no âmbito do Estado do Rio Grande do Sul, para as categorias profissionais que menciona, com fundamento na Lei Complementar Federal nº 103, de 14 de julho de 2000, que autoriza os Estados e o Distrito Federal a instituir o piso salarial a que se refere o inciso V do art. 7º da Constituição Federal, por aplicação do disposto no parágrafo único do seu art.",4,structural,"[{""group"": ""trabalhadores_informais"", ""impact_direction"": ""positive"", ""defending_vote"": ""sim"", ""confidence"": 0.96}]",HEURISTIC_TEMPLATE_RATIONALE | NO_MATCH_TO_CURRENT_APPROVED_IMPACT_MATRIX,WITHHOLD_PENDING_EDITORIAL_REVIEW,
317,alrs:pl-405-2021,alrs,pl,405,2021,"Institui a Política Estadual de Renda para o Idoso no âmbito do Estado do Rio Grande do Sul, PRÓ-IDOSO e dá outras providências. (SEI 9775-0100/21-7)",4,structural,"[{""group"": ""pessoas_idosas_dependentes"", ""impact_direction"": ""positive"", ""defending_vote"": ""sim"", ""confidence"": 0.96}]",NO_MATCH_TO_CURRENT_APPROVED_IMPACT_MATRIX,WITHHOLD_PENDING_EDITORIAL_REVIEW,
318,alrs:pl-117-2024,alrs,pl,117,2024,Equipara as pessoas com fenda palatina e/ou fissura labiopalatina às pessoas com deficiência e dá outras providências.,4,structural,"[{""group"": ""pessoas_com_deficiencia"", ""impact_direction"": ""positive"", ""defending_vote"": ""sim"", ""confidence"": 0.96}]",WRONG_SEVERITY:4->3,KEEP_CORRECTED,"{""canonical_key"": ""alrs|pl|117|2024"", ""severity"": 3, ""structural_type"": ""structural"", ""assessments"": [{""group"": ""pessoas_com_deficiencia"", ""impact_direction"": ""positive"", ""defending_vote"": ""sim"", ""confidence"": 0.9}]}"
319,alrs:pl-160-2026,alrs,pl,160,2026,"Dispõe sobre o reajuste dos pisos salariais no âmbito do Estado do Rio Grande do Sul, para as categorias profissionais que menciona, com fundamento na Lei Complementar Federal nº 103, de 14 de julho de 2000, que autoriza os Estados e o Distrito Federal a instituir o piso salarial a que se refere o inciso V do art. 7º da Constituição Federal, por aplicação do disposto no parágrafo único do seu art.",4,structural,"[{""group"": ""trabalhadores_informais"", ""impact_direction"": ""positive"", ""defending_vote"": ""sim"", ""confidence"": 0.96}]",HEURISTIC_TEMPLATE_RATIONALE | NO_MATCH_TO_CURRENT_APPROVED_IMPACT_MATRIX,WITHHOLD_PENDING_EDITORIAL_REVIEW,
320,alrs:pl-471-2023,alrs,pl,471,2023,"Autoriza a criação do Auxílio RS Ampara, benefício a ser pago a crianças e adolescentes em situação de orfandade decorrente de feminicídio e dá outras providências. (SEI 15111-01.00/23-0)",4,structural,"[{""group"": ""mulheres"", ""impact_direction"": ""positive"", ""defending_vote"": ""sim"", ""confidence"": 0.96}]",JUDGMENT_MISMATCH_WITH_CORRECTED_MATRIX | WRONG_SEVERITY:4->3,KEEP_CORRECTED,"{""canonical_key"": ""alrs|pl|471|2023"", ""severity"": 3, ""structural_type"": ""structural"", ""assessments"": [{""group"": ""criancas_adolescentes_vulnerabilidade"", ""impact_direction"": ""positive"", ""defending_vote"": ""sim"", ""confidence"": 0.99}]}"
321,alrs:pl-307-2024,alrs,pl,307,2024,"Altera a Lei n.º 15.988, de 7 de agosto de 2023, que consolida a legislação relativa às mulheres vítimas de violência no âmbito do Estado do Rio Grande do Sul.",4,structural,"[{""group"": ""mulheres"", ""impact_direction"": ""positive"", ""defending_vote"": ""sim"", ""confidence"": 0.96}]",NO_MATCH_TO_CURRENT_APPROVED_IMPACT_MATRIX,WITHHOLD_PENDING_EDITORIAL_REVIEW,
322,alrs:pl-247-2023,alrs,pl,247,2023,"Obriga as empresas do Estado do Rio Grande do Sul que possuem benefícios fiscais a oferecerem, anualmente, formação continuada em aspectos da violência contra as mulheres.(SEI 8979-0100/23-3) ",4,structural,"[{""group"": ""mulheres"", ""impact_direction"": ""positive"", ""defending_vote"": ""sim"", ""confidence"": 0.96}]",WRONG_SEVERITY:4->3,KEEP_CORRECTED,"{""canonical_key"": ""alrs|pl|247|2023"", ""severity"": 3, ""structural_type"": ""structural"", ""assessments"": [{""group"": ""mulheres"", ""impact_direction"": ""positive"", ""defending_vote"": ""sim"", ""confidence"": 0.9}]}"
323,alrs:pl-208-2025,alrs,pl,208,2025,Garante a realização do exame de mamografia na rede estadual de saúde para mulheres a partir dos 40 (quarenta) anos de idade e dá outras providências.,4,structural,"[{""group"": ""mulheres"", ""impact_direction"": ""positive"", ""defending_vote"": ""sim"", ""confidence"": 0.96}]",WRONG_SEVERITY:4->2,KEEP_CORRECTED,"{""canonical_key"": ""alrs|pl|208|2025"", ""severity"": 2, ""structural_type"": ""structural"", ""assessments"": [{""group"": ""mulheres"", ""impact_direction"": ""positive"", ""defending_vote"": ""sim"", ""confidence"": 0.9}]}"
324,alrs:pl-283-2019,alrs,pl,283,2019,"Altera a Lei n. 13.069, de 19 de novembro de 2008, que dispõe sobre doações ao Fundo Estadual para a Criança e o Adolescente, e dá outras providências.",4,structural,"[{""group"": ""criancas_adolescentes_vulnerabilidade"", ""impact_direction"": ""positive"", ""defending_vote"": ""sim"", ""confidence"": 0.96}]",NO_MATCH_TO_CURRENT_APPROVED_IMPACT_MATRIX,WITHHOLD_PENDING_EDITORIAL_REVIEW,
325,alrs:pl-217-2019,alrs,pl,217,2019,"Altera a Lei nº. 13.320, de 21 de dezembro de 2009, que consolida a legislação relativa à Pessoa com Deficiência no Estado do Rio Grande do Sul.",4,structural,"[{""group"": ""pessoas_com_deficiencia"", ""impact_direction"": ""positive"", ""defending_vote"": ""sim"", ""confidence"": 0.96}]",NO_MATCH_TO_CURRENT_APPROVED_IMPACT_MATRIX,WITHHOLD_PENDING_EDITORIAL_REVIEW,
326,alrs:pl-242-2015,alrs,pl,242,2015,"Institui a Política Estadual de Atenção, Diagnóstico e Tratamento às Pessoas com Doenças Raras.
",4,structural,"[{""group"": ""pessoas_com_deficiencia"", ""impact_direction"": ""positive"", ""defending_vote"": ""sim"", ""confidence"": 0.96}]",NO_MATCH_TO_CURRENT_APPROVED_IMPACT_MATRIX,WITHHOLD_PENDING_EDITORIAL_REVIEW,
327,alrs:pl-221-2019,alrs,pl,221,2019,"Institui a Política de Atendimento Integrado à Pessoa com Transtornos do Espectro Autista no Estado do Rio Grande do Sul.
",4,structural,"[{""group"": ""pessoas_com_deficiencia"", ""impact_direction"": ""positive"", ""defending_vote"": ""sim"", ""confidence"": 0.96}]",NO_MATCH_TO_CURRENT_APPROVED_IMPACT_MATRIX,WITHHOLD_PENDING_EDITORIAL_REVIEW,
328,alrs:pl-172-2019,alrs,pl,172,2019,"Dispõe sobre o reajuste dos pisos salariais no âmbito do Estado do Rio Grande do Sul, para as categorias profissionais que menciona, com fundamento na Lei Complementar Federal nº 103, de 14 de julho de 2000, que autoriza os Estados e o Distrito Federal a instituir o piso salarial a que se refere o inciso V do art. 7º da Constituição Federal, por aplicação do disposto no parágrafo único do seu art.",4,structural,"[{""group"": ""trabalhadores_informais"", ""impact_direction"": ""positive"", ""defending_vote"": ""sim"", ""confidence"": 0.96}]",HEURISTIC_TEMPLATE_RATIONALE | NO_MATCH_TO_CURRENT_APPROVED_IMPACT_MATRIX,WITHHOLD_PENDING_EDITORIAL_REVIEW,
329,alrs:pl-140-2019,alrs,pl,140,2019,"Dá prioridade de atendimento às pessoas com Transtorno do Espectro Autista em estabelecimentos públicos e privados. (SEI 4671.0100/20-3)

",4,structural,"[{""group"": ""pessoas_com_deficiencia"", ""impact_direction"": ""positive"", ""defending_vote"": ""sim"", ""confidence"": 0.96}]",NO_MATCH_TO_CURRENT_APPROVED_IMPACT_MATRIX,WITHHOLD_PENDING_EDITORIAL_REVIEW,
330,alrs:pl-333-2019,alrs,pl,333,2019,"Dispõe sobre a realização de teste de triagem neonatal, para todas as crianças nascidas nos hospitais e demais estabelecimentos de atenção à saúde da rede pública no Estado do Rio Grande do Sul e dá outras providências.",4,structural,"[{""group"": ""criancas_adolescentes_vulnerabilidade"", ""impact_direction"": ""positive"", ""defending_vote"": ""sim"", ""confidence"": 0.96}]",NO_MATCH_TO_CURRENT_APPROVED_IMPACT_MATRIX,WITHHOLD_PENDING_EDITORIAL_REVIEW,
331,alrs:pl-500-2019,alrs,pl,500,2019,"Altera a Lei nº 13.778, de 30 de agosto de 2011, que dispõe sobre a quitação de dívidas do Estado do Rio Grande do Sul mediante dação em pagamento de seus imóveis dominicais, a Lei nº 14.954, de 30 de novembro de 2016, que cria o Programa de Aproveitamento e Gestão dos Imóveis no âmbito do Estado do Rio Grande do Sul, autorizando o Poder Executivo a alienar bens imóveis próprios e de suas autarqui",4,structural,"[{""group"": ""populacao_rua"", ""impact_direction"": ""positive"", ""defending_vote"": ""sim"", ""confidence"": 0.96}]",NO_MATCH_TO_CURRENT_APPROVED_IMPACT_MATRIX,WITHHOLD_PENDING_EDITORIAL_REVIEW,
332,alrs:pl-479-2021,alrs,pl,479,2021,"Fixa, para o exercício de 2022, o limite global que poderá ser autorizado para a aplicação em projetos do Programa de Incentivo ao Esporte do Estado do Rio Grande do Sul - PRÓ-ESPORTE/RS, do Programa de Incentivo à Inclusão e Promoção Social - Pró-Social/RS e do Sistema Estadual Unificado de Apoio e Fomento às Atividades Culturais - PRÓ-CULTURA/RS, previstos na Lei nº 13.924, de 17 de janeiro de 2",4,structural,"[{""group"": ""populacao_rua"", ""impact_direction"": ""positive"", ""defending_vote"": ""sim"", ""confidence"": 0.96}]",NO_MATCH_TO_CURRENT_APPROVED_IMPACT_MATRIX,WITHHOLD_PENDING_EDITORIAL_REVIEW,
333,alrs:pl-76-2021,alrs,pl,76,2021,"Autoriza o Poder Executivo a conceder incentivos financeiros às empresas que venham a se instalar ou ampliar suas atividades no Estado do Rio Grande do Sul, através da comercialização de bens imóveis no âmbito do Programa Estadual de Desenvolvimento Industrial – PROEDI, instituído pelo Decreto nº 32.666, de 27 de outubro de 1987, e dá outras providências. 
(SEI 3401-0100/21-5)",4,structural,"[{""group"": ""populacao_rua"", ""impact_direction"": ""positive"", ""defending_vote"": ""sim"", ""confidence"": 0.96}]",NO_MATCH_TO_CURRENT_APPROVED_IMPACT_MATRIX,WITHHOLD_PENDING_EDITORIAL_REVIEW,
334,alrs:pl-232-2022,alrs,pl,232,2022,"Dispõe sobre o reajuste dos pisos salariais no âmbito do Estado do Rio Grande do Sul, para as categorias profissionais que menciona, com fundamento na Lei Complementar Federal nº 103, de 14 de julho de 2000, que autoriza os Estados e o Distrito Federal a instituir o piso salarial a que se refere o inciso V do art. 7º da Constituição Federal, por aplicação do disposto no parágrafo único do seu art.",4,structural,"[{""group"": ""trabalhadores_informais"", ""impact_direction"": ""positive"", ""defending_vote"": ""sim"", ""confidence"": 0.96}]",HEURISTIC_TEMPLATE_RATIONALE | NO_MATCH_TO_CURRENT_APPROVED_IMPACT_MATRIX,WITHHOLD_PENDING_EDITORIAL_REVIEW,
335,alrs:pl-427-2021,alrs,pl,427,2021,"Reconhece como patrimônio histórico e cultural do Rio Grande do Sul os saberes tradicionais, o acervo de receitas e as práticas alimentares que constituem a história e a cultura gastronômica italiana dos imigrantes.(SEI 6794-0100/21-6)",4,structural,"[{""group"": ""imigrantes_refugiados"", ""impact_direction"": ""positive"", ""defending_vote"": ""sim"", ""confidence"": 0.96}]",NO_MATCH_TO_CURRENT_APPROVED_IMPACT_MATRIX,WITHHOLD_PENDING_EDITORIAL_REVIEW,
336,alrs:pl-235-2021,alrs,pl,235,2021,Disciplina o Fundo Penitenciário e institui os  Fundos Penitenciários Rotativos Regionais do Estado do Rio Grande do Sul. (SEI 6056.0100/21-7),4,structural,"[{""group"": ""populacao_carceraria"", ""impact_direction"": ""positive"", ""defending_vote"": ""sim"", ""confidence"": 0.96}]",NO_MATCH_TO_CURRENT_APPROVED_IMPACT_MATRIX,WITHHOLD_PENDING_EDITORIAL_REVIEW,
337,alrs:pl-156-2023,alrs,pl,156,2023,"Consolida a legislação relativa às mulheres vítimas de violência no âmbito do Estado do Rio Grande do Sul.(6029-01.00/23-6)
 
",4,structural,"[{""group"": ""mulheres"", ""impact_direction"": ""positive"", ""defending_vote"": ""sim"", ""confidence"": 0.96}]",WRONG_SEVERITY:4->3,KEEP_CORRECTED,"{""canonical_key"": ""alrs|pl|156|2023"", ""severity"": 3, ""structural_type"": ""structural"", ""assessments"": [{""group"": ""mulheres"", ""impact_direction"": ""positive"", ""defending_vote"": ""sim"", ""confidence"": 0.9}]}"
338,alrs:pl-262-2024,alrs,pl,262,2024,"Altera a Lei n.º 15.988, de 7 de agosto de 2023, que consolida a legislação relativa às mulheres vítimas de violência no âmbito do Estado do Rio Grande do Sul. ",4,structural,"[{""group"": ""mulheres"", ""impact_direction"": ""positive"", ""defending_vote"": ""sim"", ""confidence"": 0.96}]",NO_MATCH_TO_CURRENT_APPROVED_IMPACT_MATRIX,WITHHOLD_PENDING_EDITORIAL_REVIEW,
339,alrs:pl-123-2023,alrs,pl,123,2023,Autoriza o Poder Executivo a promover o pagamento de auxílio aluguel às mulheres vítimas de violência doméstica no Estado do Rio Grande do Sul. (SEI 5051-0100/23-2) (Tramitação conjunta com o PL 213/2025),4,structural,"[{""group"": ""mulheres"", ""impact_direction"": ""positive"", ""defending_vote"": ""sim"", ""confidence"": 0.96}]",WRONG_SEVERITY:4->3,KEEP_CORRECTED,"{""canonical_key"": ""alrs|pl|123|2023"", ""severity"": 3, ""structural_type"": ""structural"", ""assessments"": [{""group"": ""mulheres"", ""impact_direction"": ""positive"", ""defending_vote"": ""sim"", ""confidence"": 0.9}]}"
340,alrs:pl-237-2021,alrs,pl,237,2021,"Dispõe sobre o reajuste dos pisos salariais no âmbito do Estado do Rio Grande do Sul, para as categorias profissionais que menciona, com fundamento na Lei Complementar Federal nº 103, de 14 de julho de 2000, que autoriza os Estados e o Distrito Federal a instituir o piso salarial a que se refere o inciso V do art. 7º da Constituição Federal, por aplicação do disposto no parágrafo único do seu art.",4,structural,"[{""group"": ""trabalhadores_informais"", ""impact_direction"": ""positive"", ""defending_vote"": ""sim"", ""confidence"": 0.96}]",HEURISTIC_TEMPLATE_RATIONALE | NO_MATCH_TO_CURRENT_APPROVED_IMPACT_MATRIX,WITHHOLD_PENDING_EDITORIAL_REVIEW,
341,alrs:pl-75-2021,alrs,pl,75,2021,"Fixa o limite global que poderá ser autorizado para a aplicação em projetos do Programa de Incentivo ao Esporte - PRÓ-ESPORTE/RS, do Programa de Apoio à Inclusão e Promoção Social - PRÓ-SOCIAL/RS e do Sistema Estadual Unificado de Apoio e Fomento às Atividades Culturais - PRÓ-CULTURA/RS para o exercício de 2021 e altera a Lei nº 13.924, de 17 de janeiro de 2012, que Institui o Sistema Estadual de ",4,structural,"[{""group"": ""populacao_rua"", ""impact_direction"": ""positive"", ""defending_vote"": ""sim"", ""confidence"": 0.96}]",NO_MATCH_TO_CURRENT_APPROVED_IMPACT_MATRIX,WITHHOLD_PENDING_EDITORIAL_REVIEW,
342,alrs:pl-210-2019,alrs,pl,210,2019,Institui o Dia de Conscientização da Doença de Parkinson no Estado do Rio Grande do Sul.   ,4,structural,"[{""group"": ""pessoas_idosas_dependentes"", ""impact_direction"": ""positive"", ""defending_vote"": ""sim"", ""confidence"": 0.96}]",NO_MATCH_TO_CURRENT_APPROVED_IMPACT_MATRIX,WITHHOLD_PENDING_EDITORIAL_REVIEW,
343,alrs:pl-177-2018,alrs,pl,177,2018,"Reconhece como de relevante interesse cultural do Estado do Rio Grande do Sul, o Quilombo Mocambo, e dá outras providências. (SEI 4429.100/20-0)",4,structural,"[{""group"": ""comunidades_quilombolas"", ""impact_direction"": ""positive"", ""defending_vote"": ""sim"", ""confidence"": 0.96}]",NO_MATCH_TO_CURRENT_APPROVED_IMPACT_MATRIX,WITHHOLD_PENDING_EDITORIAL_REVIEW,
344,alrs:pl-35-2020,alrs,pl,35,2020,"Dispõe sobre o reajuste dos pisos salariais no âmbito do Estado do Rio Grande do Sul, para as categorias profissionais que menciona, com fundamento na Lei Complementar Federal nº 103, de 14 de julho de 2000, que autoriza os Estados e o Distrito Federal a instituir o piso salarial a que se refere o inciso V do art. 7º da Constituição Federal, por aplicação do disposto no parágrafo único do seu art.",4,structural,"[{""group"": ""trabalhadores_informais"", ""impact_direction"": ""positive"", ""defending_vote"": ""sim"", ""confidence"": 0.96}]",HEURISTIC_TEMPLATE_RATIONALE | NO_MATCH_TO_CURRENT_APPROVED_IMPACT_MATRIX,WITHHOLD_PENDING_EDITORIAL_REVIEW,
345,alrs:pl-92-2019,alrs,pl,92,2019,"Dispõe sobre destinação de vagas de emprego para mulheres vítimas de violência doméstica e familiar, no âmbito do Estado do Rio Grande do Sul, nas condições que especifica. (SEI 4994.0100/20-0)",4,structural,"[{""group"": ""mulheres"", ""impact_direction"": ""positive"", ""defending_vote"": ""sim"", ""confidence"": 0.96}]",WRONG_SEVERITY:4->3,KEEP_CORRECTED,"{""canonical_key"": ""alrs|pl|92|2019"", ""severity"": 3, ""structural_type"": ""structural"", ""assessments"": [{""group"": ""mulheres"", ""impact_direction"": ""positive"", ""defending_vote"": ""sim"", ""confidence"": 0.9}]}"
346,camara:pl-3278-2024,camara,pl,3278,2024,Política Nacional de Transição Energética Justa e Combate à Pobreza Energética,3,structural,"[{""group"": ""populacao_negra_periferica"", ""impact_direction"": ""positive"", ""defending_vote"": ""sim"", ""confidence"": 0.98}]",NO_MATCH_TO_CURRENT_APPROVED_IMPACT_MATRIX,WITHHOLD_PENDING_EDITORIAL_REVIEW,
347,camara:pl-896-2023,camara,pl,896,2023,Tipificação Penal e Agravamento de Penas para Injúria Racial e Crimes de Ódio,4,structural,"[{""group"": ""populacao_negra_periferica"", ""impact_direction"": ""positive"", ""defending_vote"": ""sim"", ""confidence"": 0.98}]",NO_MATCH_TO_CURRENT_APPROVED_IMPACT_MATRIX,WITHHOLD_PENDING_EDITORIAL_REVIEW,
348,camara:pl-68-2026,camara,pl,68,2026,Acesso a Medicamentos Inovadores para Diabetes e Doenças Crônicas no SUS,3,structural,"[{""group"": ""pessoas_com_deficiencia"", ""impact_direction"": ""positive"", ""defending_vote"": ""sim"", ""confidence"": 0.98}]",NO_MATCH_TO_CURRENT_APPROVED_IMPACT_MATRIX,WITHHOLD_PENDING_EDITORIAL_REVIEW,
349,camara:pdl-171-2026,camara,pdl,171,2026,Tentativa de Sustação da Ampliação de Estação Ecológica e Proteção Ambiental,4,structural,"[{""group"": ""povos_indigenas"", ""impact_direction"": ""negative"", ""defending_vote"": ""nao"", ""confidence"": 0.98}]",NO_MATCH_TO_CURRENT_APPROVED_IMPACT_MATRIX,WITHHOLD_PENDING_EDITORIAL_REVIEW,
